,Time,State,Probability
0,0.0,1,0.25
1,0.0,2,0.25
2,0.0,3,0.25
3,0.0,4,0.25
4,3.310286926894327e-05,1,0.24
5,3.310286926894327e-05,2,0.26
6,3.310286926894327e-05,3,0.24
7,3.310286926894327e-05,4,0.26
8,0.00013933977580689276,1,0.25
9,0.00013933977580689276,2,0.26
10,0.00013933977580689276,3,0.25
11,0.00013933977580689276,4,0.24
12,0.0006358010387516476,1,0.26
13,0.0006358010387516476,2,0.25
14,0.0006358010387516476,3,0.26
15,0.0006358010387516476,4,0.23
16,0.0007487809953058274,1,0.26
17,0.0007487809953058274,2,0.24
18,0.0007487809953058274,3,0.26
19,0.0007487809953058274,4,0.24
20,0.0008442008841916065,1,0.25
21,0.0008442008841916065,2,0.24
22,0.0008442008841916065,3,0.25
23,0.0008442008841916065,4,0.26
24,0.0010221832921430611,1,0.23
25,0.0010221832921430611,2,0.24
26,0.0010221832921430611,3,0.25
27,0.0010221832921430611,4,0.28
28,0.0010565120849977494,1,0.22
29,0.0010565120849977494,2,0.23
30,0.0010565120849977494,3,0.26
31,0.0010565120849977494,4,0.29
32,0.0013096574002051252,1,0.23
33,0.0013096574002051252,2,0.23
34,0.0013096574002051252,3,0.27
35,0.0013096574002051252,4,0.27
36,0.0014025917438735356,1,0.22
37,0.0014025917438735356,2,0.23
38,0.0014025917438735356,3,0.28
39,0.0014025917438735356,4,0.27
40,0.0015311250884822707,1,0.2
41,0.0015311250884822707,2,0.24
42,0.0015311250884822707,3,0.28
43,0.0015311250884822707,4,0.28
44,0.001765250911486057,1,0.21
45,0.001765250911486057,2,0.24
46,0.001765250911486057,3,0.27
47,0.001765250911486057,4,0.28
48,0.0021277609051874153,1,0.2
49,0.0021277609051874153,2,0.24
50,0.0021277609051874153,3,0.26
51,0.0021277609051874153,4,0.3
52,0.002365425219543514,1,0.19
53,0.002365425219543514,2,0.24
54,0.002365425219543514,3,0.27
55,0.002365425219543514,4,0.3
56,0.0025109009270210736,1,0.17
57,0.0025109009270210736,2,0.24
58,0.0025109009270210736,3,0.27
59,0.0025109009270210736,4,0.32
60,0.0026680195585076097,1,0.17
61,0.0026680195585076097,2,0.24
62,0.0026680195585076097,3,0.27
63,0.0026680195585076097,4,0.32
64,0.0029308986829869577,1,0.17
65,0.0029308986829869577,2,0.23
66,0.0029308986829869577,3,0.27
67,0.0029308986829869577,4,0.33
68,0.0029701030659654765,1,0.18
69,0.0029701030659654765,2,0.24
70,0.0029701030659654765,3,0.26
71,0.0029701030659654765,4,0.32
72,0.003014337858632992,1,0.19
73,0.003014337858632992,2,0.23
74,0.003014337858632992,3,0.27
75,0.003014337858632992,4,0.31
76,0.0031981376871859854,1,0.18
77,0.0031981376871859854,2,0.23
78,0.0031981376871859854,3,0.28
79,0.0031981376871859854,4,0.31
80,0.003420643484539837,1,0.18
81,0.003420643484539837,2,0.23
82,0.003420643484539837,3,0.28
83,0.003420643484539837,4,0.31
84,0.0034790875321866342,1,0.18
85,0.0034790875321866342,2,0.22
86,0.0034790875321866342,3,0.28
87,0.0034790875321866342,4,0.32
88,0.0035036172815423065,1,0.17
89,0.0035036172815423065,2,0.22
90,0.0035036172815423065,3,0.27
91,0.0035036172815423065,4,0.34
92,0.0035929420260516045,1,0.19
93,0.0035929420260516045,2,0.22
94,0.0035929420260516045,3,0.27
95,0.0035929420260516045,4,0.32
96,0.0037465122490375996,1,0.18
97,0.0037465122490375996,2,0.22
98,0.0037465122490375996,3,0.28
99,0.0037465122490375996,4,0.32
100,0.004123416690130615,1,0.17
101,0.004123416690130615,2,0.22
102,0.004123416690130615,3,0.29
103,0.004123416690130615,4,0.32
104,0.004275818835240396,1,0.17
105,0.004275818835240396,2,0.21
106,0.004275818835240396,3,0.29
107,0.004275818835240396,4,0.33
108,0.0043982550761474636,1,0.16
109,0.0043982550761474636,2,0.21
110,0.0043982550761474636,3,0.3
111,0.0043982550761474636,4,0.33
112,0.0045968139640732205,1,0.16
113,0.0045968139640732205,2,0.21
114,0.0045968139640732205,3,0.32
115,0.0045968139640732205,4,0.31
116,0.004778360655118944,1,0.15
117,0.004778360655118944,2,0.22
118,0.004778360655118944,3,0.33
119,0.004778360655118944,4,0.3
120,0.005138014397560465,1,0.15
121,0.005138014397560465,2,0.22
122,0.005138014397560465,3,0.33
123,0.005138014397560465,4,0.3
124,0.005247407729525719,1,0.14
125,0.005247407729525719,2,0.22
126,0.005247407729525719,3,0.34
127,0.005247407729525719,4,0.3
128,0.005756569278797618,1,0.13
129,0.005756569278797618,2,0.22
130,0.005756569278797618,3,0.35
131,0.005756569278797618,4,0.3
132,0.006131794068744774,1,0.14
133,0.006131794068744774,2,0.21
134,0.006131794068744774,3,0.36
135,0.006131794068744774,4,0.29
136,0.006358087771234356,1,0.14
137,0.006358087771234356,2,0.21
138,0.006358087771234356,3,0.36
139,0.006358087771234356,4,0.29
140,0.006661262780053848,1,0.15
141,0.006661262780053848,2,0.2
142,0.006661262780053848,3,0.37
143,0.006661262780053848,4,0.28
144,0.006946495815523876,1,0.16
145,0.006946495815523876,2,0.2
146,0.006946495815523876,3,0.36
147,0.006946495815523876,4,0.28
148,0.007043268087896532,1,0.16
149,0.007043268087896532,2,0.2
150,0.007043268087896532,3,0.36
151,0.007043268087896532,4,0.28
152,0.007232603438129887,1,0.15
153,0.007232603438129887,2,0.2
154,0.007232603438129887,3,0.37
155,0.007232603438129887,4,0.28
156,0.0075597475697441645,1,0.17
157,0.0075597475697441645,2,0.19
158,0.0075597475697441645,3,0.37
159,0.0075597475697441645,4,0.27
160,0.007769067132803191,1,0.15
161,0.007769067132803191,2,0.19
162,0.007769067132803191,3,0.37
163,0.007769067132803191,4,0.29
164,0.00820856121113978,1,0.15
165,0.00820856121113978,2,0.19
166,0.00820856121113978,3,0.37
167,0.00820856121113978,4,0.29
168,0.008342563704775291,1,0.14
169,0.008342563704775291,2,0.19
170,0.008342563704775291,3,0.36
171,0.008342563704775291,4,0.31
172,0.00854394929111017,1,0.13
173,0.00854394929111017,2,0.19
174,0.00854394929111017,3,0.37
175,0.00854394929111017,4,0.31
176,0.008648793280795531,1,0.12
177,0.008648793280795531,2,0.2
178,0.008648793280795531,3,0.38
179,0.008648793280795531,4,0.3
180,0.008667582111397612,1,0.12
181,0.008667582111397612,2,0.21
182,0.008667582111397612,3,0.36
183,0.008667582111397612,4,0.31
184,0.008897826878003999,1,0.13
185,0.008897826878003999,2,0.21
186,0.008897826878003999,3,0.37
187,0.008897826878003999,4,0.29
188,0.009188843048955609,1,0.14
189,0.009188843048955609,2,0.21
190,0.009188843048955609,3,0.38
191,0.009188843048955609,4,0.27
192,0.009329473912973906,1,0.13
193,0.009329473912973906,2,0.21
194,0.009329473912973906,3,0.39
195,0.009329473912973906,4,0.27
196,0.009600943787412535,1,0.12
197,0.009600943787412535,2,0.21
198,0.009600943787412535,3,0.4
199,0.009600943787412535,4,0.27
200,0.009822714878603422,1,0.12
201,0.009822714878603422,2,0.2
202,0.009822714878603422,3,0.42
203,0.009822714878603422,4,0.26
204,0.010078654545275083,1,0.11
205,0.010078654545275083,2,0.2
206,0.010078654545275083,3,0.41
207,0.010078654545275083,4,0.28
208,0.010153724719902906,1,0.1
209,0.010153724719902906,2,0.2
210,0.010153724719902906,3,0.42
211,0.010153724719902906,4,0.28
212,0.010484291187349488,1,0.09
213,0.010484291187349488,2,0.2
214,0.010484291187349488,3,0.43
215,0.010484291187349488,4,0.28
216,0.010535372589301472,1,0.08
217,0.010535372589301472,2,0.2
218,0.010535372589301472,3,0.44
219,0.010535372589301472,4,0.28
220,0.010706993858288497,1,0.09
221,0.010706993858288497,2,0.19
222,0.010706993858288497,3,0.43
223,0.010706993858288497,4,0.29
224,0.010971064282021006,1,0.09
225,0.010971064282021006,2,0.19
226,0.010971064282021006,3,0.43
227,0.010971064282021006,4,0.29
228,0.011212065342588926,1,0.09
229,0.011212065342588926,2,0.19
230,0.011212065342588926,3,0.41
231,0.011212065342588926,4,0.31
232,0.011800300189261117,1,0.1
233,0.011800300189261117,2,0.18
234,0.011800300189261117,3,0.4
235,0.011800300189261117,4,0.32
236,0.011933666216783788,1,0.11
237,0.011933666216783788,2,0.18
238,0.011933666216783788,3,0.41
239,0.011933666216783788,4,0.3
240,0.012351201799592676,1,0.11
241,0.012351201799592676,2,0.18
242,0.012351201799592676,3,0.41
243,0.012351201799592676,4,0.3
244,0.012672238721614623,1,0.1
245,0.012672238721614623,2,0.18
246,0.012672238721614623,3,0.42
247,0.012672238721614623,4,0.3
248,0.012917155184168218,1,0.1
249,0.012917155184168218,2,0.18
250,0.012917155184168218,3,0.42
251,0.012917155184168218,4,0.3
252,0.01332212315201806,1,0.1
253,0.01332212315201806,2,0.18
254,0.01332212315201806,3,0.44
255,0.01332212315201806,4,0.28
256,0.0134182744227256,1,0.09
257,0.0134182744227256,2,0.18
258,0.0134182744227256,3,0.45
259,0.0134182744227256,4,0.28
260,0.013572089837739089,1,0.08
261,0.013572089837739089,2,0.18
262,0.013572089837739089,3,0.44
263,0.013572089837739089,4,0.3
264,0.01365581223819686,1,0.08
265,0.01365581223819686,2,0.18
266,0.01365581223819686,3,0.44
267,0.01365581223819686,4,0.3
268,0.014034780346371945,1,0.09
269,0.014034780346371945,2,0.19
270,0.014034780346371945,3,0.43
271,0.014034780346371945,4,0.29
272,0.014233478482393001,1,0.09
273,0.014233478482393001,2,0.2
274,0.014233478482393001,3,0.41
275,0.014233478482393001,4,0.3
276,0.015014498675833309,1,0.1
277,0.015014498675833309,2,0.21
278,0.015014498675833309,3,0.4
279,0.015014498675833309,4,0.29
280,0.01517838445529167,1,0.1
281,0.01517838445529167,2,0.21
282,0.01517838445529167,3,0.4
283,0.01517838445529167,4,0.29
284,0.015316024050794587,1,0.1
285,0.015316024050794587,2,0.2
286,0.015316024050794587,3,0.4
287,0.015316024050794587,4,0.3
288,0.015539791969034064,1,0.1
289,0.015539791969034064,2,0.2
290,0.015539791969034064,3,0.4
291,0.015539791969034064,4,0.3
292,0.015578471697550052,1,0.1
293,0.015578471697550052,2,0.2
294,0.015578471697550052,3,0.42
295,0.015578471697550052,4,0.28
296,0.01569647896497031,1,0.11
297,0.01569647896497031,2,0.2
298,0.01569647896497031,3,0.43
299,0.01569647896497031,4,0.26
300,0.01605038350427169,1,0.11
301,0.01605038350427169,2,0.21
302,0.01605038350427169,3,0.43
303,0.01605038350427169,4,0.25
304,0.016238414028430043,1,0.1
305,0.016238414028430043,2,0.21
306,0.016238414028430043,3,0.44
307,0.016238414028430043,4,0.25
308,0.01694245822076539,1,0.09
309,0.01694245822076539,2,0.21
310,0.01694245822076539,3,0.43
311,0.01694245822076539,4,0.27
312,0.017003495765965423,1,0.09
313,0.017003495765965423,2,0.21
314,0.017003495765965423,3,0.43
315,0.017003495765965423,4,0.27
316,0.017597251672949017,1,0.1
317,0.017597251672949017,2,0.2
318,0.017597251672949017,3,0.42
319,0.017597251672949017,4,0.28
320,0.017967002309048363,1,0.09
321,0.017967002309048363,2,0.21
322,0.017967002309048363,3,0.43
323,0.017967002309048363,4,0.27
324,0.018303655831838395,1,0.09
325,0.018303655831838395,2,0.21
326,0.018303655831838395,3,0.43
327,0.018303655831838395,4,0.27
328,0.018732257206379166,1,0.09
329,0.018732257206379166,2,0.21
330,0.018732257206379166,3,0.43
331,0.018732257206379166,4,0.27
332,0.018749995890877693,1,0.1
333,0.018749995890877693,2,0.21
334,0.018749995890877693,3,0.44
335,0.018749995890877693,4,0.25
336,0.018876945067260426,1,0.11
337,0.018876945067260426,2,0.2
338,0.018876945067260426,3,0.45
339,0.018876945067260426,4,0.24
340,0.01893918195834813,1,0.09
341,0.01893918195834813,2,0.21
342,0.01893918195834813,3,0.45
343,0.01893918195834813,4,0.25
344,0.01932923503503283,1,0.1
345,0.01932923503503283,2,0.21
346,0.01932923503503283,3,0.46
347,0.01932923503503283,4,0.23
348,0.019754318254425106,1,0.09
349,0.019754318254425106,2,0.21
350,0.019754318254425106,3,0.47
351,0.019754318254425106,4,0.23
352,0.02010651668325134,1,0.08
353,0.02010651668325134,2,0.21
354,0.02010651668325134,3,0.48
355,0.02010651668325134,4,0.23
356,0.020174300319582155,1,0.08
357,0.020174300319582155,2,0.21
358,0.020174300319582155,3,0.48
359,0.020174300319582155,4,0.23
360,0.02038920889909768,1,0.08
361,0.02038920889909768,2,0.21
362,0.02038920889909768,3,0.5
363,0.02038920889909768,4,0.21
364,0.0206988908966221,1,0.08
365,0.0206988908966221,2,0.22
366,0.0206988908966221,3,0.48
367,0.0206988908966221,4,0.22
368,0.020845320354407726,1,0.08
369,0.020845320354407726,2,0.22
370,0.020845320354407726,3,0.48
371,0.020845320354407726,4,0.22
372,0.02115321153409082,1,0.07
373,0.02115321153409082,2,0.24
374,0.02115321153409082,3,0.47
375,0.02115321153409082,4,0.22
376,0.021444206729398313,1,0.06
377,0.021444206729398313,2,0.24
378,0.021444206729398313,3,0.46
379,0.021444206729398313,4,0.24
380,0.02179239765229872,1,0.07
381,0.02179239765229872,2,0.24
382,0.02179239765229872,3,0.45
383,0.02179239765229872,4,0.24
384,0.021939733925224976,1,0.07
385,0.021939733925224976,2,0.24
386,0.021939733925224976,3,0.45
387,0.021939733925224976,4,0.24
388,0.022107093252125277,1,0.08
389,0.022107093252125277,2,0.24
390,0.022107093252125277,3,0.44
391,0.022107093252125277,4,0.24
392,0.022388900043852595,1,0.08
393,0.022388900043852595,2,0.24
394,0.022388900043852595,3,0.44
395,0.022388900043852595,4,0.24
396,0.022545153107002273,1,0.08
397,0.022545153107002273,2,0.25
398,0.022545153107002273,3,0.44
399,0.022545153107002273,4,0.23
400,0.022783950132929026,1,0.08
401,0.022783950132929026,2,0.25
402,0.022783950132929026,3,0.46
403,0.022783950132929026,4,0.21
404,0.023127865805270546,1,0.07
405,0.023127865805270546,2,0.26
406,0.023127865805270546,3,0.45
407,0.023127865805270546,4,0.22
408,0.023255987281371064,1,0.07
409,0.023255987281371064,2,0.26
410,0.023255987281371064,3,0.45
411,0.023255987281371064,4,0.22
412,0.02440113794624265,1,0.07
413,0.02440113794624265,2,0.27
414,0.02440113794624265,3,0.45
415,0.02440113794624265,4,0.21
416,0.02452577346792567,1,0.08
417,0.02452577346792567,2,0.26
418,0.02452577346792567,3,0.46
419,0.02452577346792567,4,0.2
420,0.024647333522213277,1,0.08
421,0.024647333522213277,2,0.26
422,0.024647333522213277,3,0.46
423,0.024647333522213277,4,0.2
424,0.02484632757800871,1,0.1
425,0.02484632757800871,2,0.25
426,0.02484632757800871,3,0.46
427,0.02484632757800871,4,0.19
428,0.02512366052479064,1,0.1
429,0.02512366052479064,2,0.24
430,0.02512366052479064,3,0.48
431,0.02512366052479064,4,0.18
432,0.02521873951906345,1,0.11
433,0.02521873951906345,2,0.24
434,0.02521873951906345,3,0.49
435,0.02521873951906345,4,0.16
436,0.02546686509879633,1,0.11
437,0.02546686509879633,2,0.24
438,0.02546686509879633,3,0.49
439,0.02546686509879633,4,0.16
440,0.025611228196570933,1,0.1
441,0.025611228196570933,2,0.23
442,0.025611228196570933,3,0.5
443,0.025611228196570933,4,0.17
444,0.02579749082235419,1,0.08
445,0.02579749082235419,2,0.23
446,0.02579749082235419,3,0.5
447,0.02579749082235419,4,0.19
448,0.026136740729861996,1,0.08
449,0.026136740729861996,2,0.22
450,0.026136740729861996,3,0.52
451,0.026136740729861996,4,0.18
452,0.026327931534749625,1,0.08
453,0.026327931534749625,2,0.22
454,0.026327931534749625,3,0.52
455,0.026327931534749625,4,0.18
456,0.026455758557843125,1,0.08
457,0.026455758557843125,2,0.23
458,0.026455758557843125,3,0.5
459,0.026455758557843125,4,0.19
460,0.026822289058602025,1,0.08
461,0.026822289058602025,2,0.23
462,0.026822289058602025,3,0.48
463,0.026822289058602025,4,0.21
464,0.027126810496642614,1,0.08
465,0.027126810496642614,2,0.22
466,0.027126810496642614,3,0.48
467,0.027126810496642614,4,0.22
468,0.02730499156220763,1,0.07
469,0.02730499156220763,2,0.22
470,0.02730499156220763,3,0.49
471,0.02730499156220763,4,0.22
472,0.0274756566507529,1,0.07
473,0.0274756566507529,2,0.22
474,0.0274756566507529,3,0.51
475,0.0274756566507529,4,0.2
476,0.027681799823721077,1,0.07
477,0.027681799823721077,2,0.21
478,0.027681799823721077,3,0.53
479,0.027681799823721077,4,0.19
480,0.02881270520177358,1,0.06
481,0.02881270520177358,2,0.21
482,0.02881270520177358,3,0.54
483,0.02881270520177358,4,0.19
484,0.029039831064551436,1,0.06
485,0.029039831064551436,2,0.22
486,0.029039831064551436,3,0.52
487,0.029039831064551436,4,0.2
488,0.029648051922089424,1,0.06
489,0.029648051922089424,2,0.23
490,0.029648051922089424,3,0.52
491,0.029648051922089424,4,0.19
492,0.029786389458955922,1,0.06
493,0.029786389458955922,2,0.23
494,0.029786389458955922,3,0.52
495,0.029786389458955922,4,0.19
496,0.030099872355923044,1,0.07
497,0.030099872355923044,2,0.22
498,0.030099872355923044,3,0.53
499,0.030099872355923044,4,0.18
500,0.030470298046294864,1,0.07
501,0.030470298046294864,2,0.22
502,0.030470298046294864,3,0.53
503,0.030470298046294864,4,0.18
504,0.030626701781488644,1,0.07
505,0.030626701781488644,2,0.21
506,0.030626701781488644,3,0.55
507,0.030626701781488644,4,0.17
508,0.030756925198608294,1,0.06
509,0.030756925198608294,2,0.22
510,0.030756925198608294,3,0.56
511,0.030756925198608294,4,0.16
512,0.0309326530263467,1,0.06
513,0.0309326530263467,2,0.22
514,0.0309326530263467,3,0.54
515,0.0309326530263467,4,0.18
516,0.031170853787734397,1,0.06
517,0.031170853787734397,2,0.21
518,0.031170853787734397,3,0.54
519,0.031170853787734397,4,0.19
520,0.03142359862637804,1,0.06
521,0.03142359862637804,2,0.2
522,0.03142359862637804,3,0.56
523,0.03142359862637804,4,0.18
524,0.03165176881680628,1,0.06
525,0.03165176881680628,2,0.19
526,0.03165176881680628,3,0.58
527,0.03165176881680628,4,0.17
528,0.032627004415398383,1,0.06
529,0.032627004415398383,2,0.19
530,0.032627004415398383,3,0.56
531,0.032627004415398383,4,0.19
532,0.03289757661303592,1,0.06
533,0.03289757661303592,2,0.2
534,0.03289757661303592,3,0.54
535,0.03289757661303592,4,0.2
536,0.03306808909823115,1,0.06
537,0.03306808909823115,2,0.21
538,0.03306808909823115,3,0.54
539,0.03306808909823115,4,0.19
540,0.03351431508506596,1,0.05
541,0.03351431508506596,2,0.22
542,0.03351431508506596,3,0.55
543,0.03351431508506596,4,0.18
544,0.03368262135569835,1,0.05
545,0.03368262135569835,2,0.23
546,0.03368262135569835,3,0.53
547,0.03368262135569835,4,0.19
548,0.033811122566213325,1,0.05
549,0.033811122566213325,2,0.22
550,0.033811122566213325,3,0.55
551,0.033811122566213325,4,0.18
552,0.034069204439259954,1,0.05
553,0.034069204439259954,2,0.21
554,0.034069204439259954,3,0.57
555,0.034069204439259954,4,0.17
556,0.034099203429837924,1,0.04
557,0.034099203429837924,2,0.22
558,0.034099203429837924,3,0.56
559,0.034099203429837924,4,0.18
560,0.034192703082061744,1,0.05
561,0.034192703082061744,2,0.22
562,0.034192703082061744,3,0.57
563,0.034192703082061744,4,0.16
564,0.034496084989415435,1,0.06
565,0.034496084989415435,2,0.21
566,0.034496084989415435,3,0.56
567,0.034496084989415435,4,0.17
568,0.034838081751135314,1,0.05
569,0.034838081751135314,2,0.22
570,0.034838081751135314,3,0.55
571,0.034838081751135314,4,0.18
572,0.035072082095482224,1,0.07
573,0.035072082095482224,2,0.21
574,0.035072082095482224,3,0.55
575,0.035072082095482224,4,0.17
576,0.035457015315226416,1,0.07
577,0.035457015315226416,2,0.2
578,0.035457015315226416,3,0.55
579,0.035457015315226416,4,0.18
580,0.0355070333478644,1,0.06
581,0.0355070333478644,2,0.2
582,0.0355070333478644,3,0.54
583,0.0355070333478644,4,0.2
584,0.03573230433296595,1,0.05
585,0.03573230433296595,2,0.2
586,0.03573230433296595,3,0.55
587,0.03573230433296595,4,0.2
588,0.0359263325449553,1,0.04
589,0.0359263325449553,2,0.2
590,0.0359263325449553,3,0.56
591,0.0359263325449553,4,0.2
592,0.03647800205358405,1,0.04
593,0.03647800205358405,2,0.2
594,0.03647800205358405,3,0.54
595,0.03647800205358405,4,0.22
596,0.03663396196344618,1,0.03
597,0.03663396196344618,2,0.2
598,0.03663396196344618,3,0.53
599,0.03663396196344618,4,0.24
600,0.03691958651353512,1,0.03
601,0.03691958651353512,2,0.19
602,0.03691958651353512,3,0.53
603,0.03691958651353512,4,0.25
604,0.037069982594309374,1,0.04
605,0.037069982594309374,2,0.19
606,0.037069982594309374,3,0.54
607,0.037069982594309374,4,0.23
608,0.03721182184514384,1,0.04
609,0.03721182184514384,2,0.19
610,0.03721182184514384,3,0.54
611,0.03721182184514384,4,0.23
612,0.03747760500191397,1,0.05
613,0.03747760500191397,2,0.19
614,0.03747760500191397,3,0.53
615,0.03747760500191397,4,0.23
616,0.03781234708472171,1,0.05
617,0.03781234708472171,2,0.2
618,0.03781234708472171,3,0.53
619,0.03781234708472171,4,0.22
620,0.03797633312858127,1,0.05
621,0.03797633312858127,2,0.2
622,0.03797633312858127,3,0.53
623,0.03797633312858127,4,0.22
624,0.03804059120983932,1,0.06
625,0.03804059120983932,2,0.2
626,0.03804059120983932,3,0.52
627,0.03804059120983932,4,0.22
628,0.0382848314062619,1,0.06
629,0.0382848314062619,2,0.19
630,0.0382848314062619,3,0.52
631,0.0382848314062619,4,0.23
632,0.038509009691591066,1,0.07
633,0.038509009691591066,2,0.2
634,0.038509009691591066,3,0.51
635,0.038509009691591066,4,0.22
636,0.03867056075681786,1,0.08
637,0.03867056075681786,2,0.2
638,0.03867056075681786,3,0.5
639,0.03867056075681786,4,0.22
640,0.03932555657758886,1,0.09
641,0.03932555657758886,2,0.19
642,0.03932555657758886,3,0.51
643,0.03932555657758886,4,0.21
644,0.039449587428820244,1,0.09
645,0.039449587428820244,2,0.2
646,0.039449587428820244,3,0.51
647,0.039449587428820244,4,0.2
648,0.039813499768685257,1,0.08
649,0.039813499768685257,2,0.21
650,0.039813499768685257,3,0.5
651,0.039813499768685257,4,0.21
652,0.039878515037135825,1,0.07
653,0.039878515037135825,2,0.21
654,0.039878515037135825,3,0.49
655,0.039878515037135825,4,0.23
656,0.040108857341782954,1,0.06
657,0.040108857341782954,2,0.21
658,0.040108857341782954,3,0.48
659,0.040108857341782954,4,0.25
660,0.04029606556486999,1,0.06
661,0.04029606556486999,2,0.21
662,0.04029606556486999,3,0.48
663,0.04029606556486999,4,0.25
664,0.040804000160023335,1,0.07
665,0.040804000160023335,2,0.21
666,0.040804000160023335,3,0.49
667,0.040804000160023335,4,0.23
668,0.04088943426748634,1,0.08
669,0.04088943426748634,2,0.2
670,0.04088943426748634,3,0.5
671,0.04088943426748634,4,0.22
672,0.041149415639493675,1,0.08
673,0.041149415639493675,2,0.2
674,0.041149415639493675,3,0.5
675,0.041149415639493675,4,0.22
676,0.04156342718823468,1,0.08
677,0.04156342718823468,2,0.2
678,0.04156342718823468,3,0.5
679,0.04156342718823468,4,0.22
680,0.0417539048941086,1,0.07
681,0.0417539048941086,2,0.21
682,0.0417539048941086,3,0.49
683,0.0417539048941086,4,0.23
684,0.0422585475662423,1,0.08
685,0.0422585475662423,2,0.21
686,0.0422585475662423,3,0.5
687,0.0422585475662423,4,0.21
688,0.0423407716486048,1,0.07
689,0.0423407716486048,2,0.22
690,0.0423407716486048,3,0.51
691,0.0423407716486048,4,0.2
692,0.04246159397588489,1,0.07
693,0.04246159397588489,2,0.23
694,0.04246159397588489,3,0.49
695,0.04246159397588489,4,0.21
696,0.04255825206807275,1,0.07
697,0.04255825206807275,2,0.22
698,0.04255825206807275,3,0.49
699,0.04255825206807275,4,0.22
700,0.04329186421568928,1,0.08
701,0.04329186421568928,2,0.22
702,0.04329186421568928,3,0.5
703,0.04329186421568928,4,0.2
704,0.04384162989548098,1,0.09
705,0.04384162989548098,2,0.21
706,0.04384162989548098,3,0.51
707,0.04384162989548098,4,0.19
708,0.044115014520759055,1,0.1
709,0.044115014520759055,2,0.22
710,0.044115014520759055,3,0.5
711,0.044115014520759055,4,0.18
712,0.044279738662303135,1,0.1
713,0.044279738662303135,2,0.22
714,0.044279738662303135,3,0.5
715,0.044279738662303135,4,0.18
716,0.04459475896443567,1,0.1
717,0.04459475896443567,2,0.21
718,0.04459475896443567,3,0.5
719,0.04459475896443567,4,0.19
720,0.044964181806983125,1,0.11
721,0.044964181806983125,2,0.21
722,0.044964181806983125,3,0.51
723,0.044964181806983125,4,0.17
724,0.04515552326474399,1,0.12
725,0.04515552326474399,2,0.21
726,0.04515552326474399,3,0.52
727,0.04515552326474399,4,0.15
728,0.04517695778179451,1,0.11
729,0.04517695778179451,2,0.2
730,0.04517695778179451,3,0.53
731,0.04517695778179451,4,0.16
732,0.04521469467968088,1,0.1
733,0.04521469467968088,2,0.21
734,0.04521469467968088,3,0.52
735,0.04521469467968088,4,0.17
736,0.04547773863692071,1,0.1
737,0.04547773863692071,2,0.21
738,0.04547773863692071,3,0.52
739,0.04547773863692071,4,0.17
740,0.04571518214540923,1,0.1
741,0.04571518214540923,2,0.22
742,0.04571518214540923,3,0.5
743,0.04571518214540923,4,0.18
744,0.04604838824166948,1,0.09
745,0.04604838824166948,2,0.24
746,0.04604838824166948,3,0.49
747,0.04604838824166948,4,0.18
748,0.046367751325021224,1,0.08
749,0.046367751325021224,2,0.26
750,0.046367751325021224,3,0.48
751,0.046367751325021224,4,0.18
752,0.046571625449731736,1,0.07
753,0.046571625449731736,2,0.26
754,0.046571625449731736,3,0.47
755,0.046571625449731736,4,0.2
756,0.04690169693836422,1,0.07
757,0.04690169693836422,2,0.26
758,0.04690169693836422,3,0.47
759,0.04690169693836422,4,0.2
760,0.04724452104541309,1,0.07
761,0.04724452104541309,2,0.26
762,0.04724452104541309,3,0.47
763,0.04724452104541309,4,0.2
764,0.04746589003687483,1,0.07
765,0.04746589003687483,2,0.26
766,0.04746589003687483,3,0.49
767,0.04746589003687483,4,0.18
768,0.0476448071508652,1,0.08
769,0.0476448071508652,2,0.27
770,0.0476448071508652,3,0.48
771,0.0476448071508652,4,0.17
772,0.04778461542656694,1,0.08
773,0.04778461542656694,2,0.28
774,0.04778461542656694,3,0.46
775,0.04778461542656694,4,0.18
776,0.048280378745528894,1,0.08
777,0.048280378745528894,2,0.29
778,0.048280378745528894,3,0.46
779,0.048280378745528894,4,0.17
780,0.04853950862267905,1,0.08
781,0.04853950862267905,2,0.3
782,0.04853950862267905,3,0.46
783,0.04853950862267905,4,0.16
784,0.048726567316130384,1,0.08
785,0.048726567316130384,2,0.29
786,0.048726567316130384,3,0.46
787,0.048726567316130384,4,0.17
788,0.04882592125004899,1,0.07
789,0.04882592125004899,2,0.29
790,0.04882592125004899,3,0.47
791,0.04882592125004899,4,0.17
792,0.04884203900734904,1,0.07
793,0.04884203900734904,2,0.28
794,0.04884203900734904,3,0.49
795,0.04884203900734904,4,0.16
796,0.048926839981883664,1,0.07
797,0.048926839981883664,2,0.28
798,0.048926839981883664,3,0.49
799,0.048926839981883664,4,0.16
800,0.049292256653603005,1,0.08
801,0.049292256653603005,2,0.28
802,0.049292256653603005,3,0.48
803,0.049292256653603005,4,0.16
804,0.05018193020688023,1,0.08
805,0.05018193020688023,2,0.27
806,0.05018193020688023,3,0.5
807,0.05018193020688023,4,0.15
808,0.05080426980458467,1,0.08
809,0.05080426980458467,2,0.27
810,0.05080426980458467,3,0.52
811,0.05080426980458467,4,0.13
812,0.05085593067341701,1,0.08
813,0.05085593067341701,2,0.29
814,0.05085593067341701,3,0.5
815,0.05085593067341701,4,0.13
816,0.0509345515560859,1,0.09
817,0.0509345515560859,2,0.28
818,0.0509345515560859,3,0.49
819,0.0509345515560859,4,0.14
820,0.05115751993656033,1,0.09
821,0.05115751993656033,2,0.28
822,0.05115751993656033,3,0.49
823,0.05115751993656033,4,0.14
824,0.05145600290102625,1,0.09
825,0.05145600290102625,2,0.28
826,0.05145600290102625,3,0.49
827,0.05145600290102625,4,0.14
828,0.05218344546273525,1,0.1
829,0.05218344546273525,2,0.28
830,0.05218344546273525,3,0.48
831,0.05218344546273525,4,0.14
832,0.052313887985032566,1,0.09
833,0.052313887985032566,2,0.29
834,0.052313887985032566,3,0.47
835,0.052313887985032566,4,0.15
836,0.05242637499260247,1,0.1
837,0.05242637499260247,2,0.29
838,0.05242637499260247,3,0.46
839,0.05242637499260247,4,0.15
840,0.052518667997218174,1,0.1
841,0.052518667997218174,2,0.28
842,0.052518667997218174,3,0.48
843,0.052518667997218174,4,0.14
844,0.053191887676402795,1,0.1
845,0.053191887676402795,2,0.28
846,0.053191887676402795,3,0.5
847,0.053191887676402795,4,0.12
848,0.05364326184237693,1,0.09
849,0.05364326184237693,2,0.28
850,0.05364326184237693,3,0.51
851,0.05364326184237693,4,0.12
852,0.05376931762241031,1,0.08
853,0.05376931762241031,2,0.28
854,0.05376931762241031,3,0.52
855,0.05376931762241031,4,0.12
856,0.054088691009172137,1,0.08
857,0.054088691009172137,2,0.29
858,0.054088691009172137,3,0.5
859,0.054088691009172137,4,0.13
860,0.05448641498718161,1,0.07
861,0.05448641498718161,2,0.3
862,0.05448641498718161,3,0.49
863,0.05448641498718161,4,0.14
864,0.05489685736061324,1,0.07
865,0.05489685736061324,2,0.3
866,0.05489685736061324,3,0.51
867,0.05489685736061324,4,0.12
868,0.055376539077175824,1,0.05
869,0.055376539077175824,2,0.3
870,0.055376539077175824,3,0.51
871,0.055376539077175824,4,0.14
872,0.05553175011835518,1,0.05
873,0.05553175011835518,2,0.29
874,0.05553175011835518,3,0.51
875,0.05553175011835518,4,0.15
876,0.05575562881201387,1,0.06
877,0.05575562881201387,2,0.28
878,0.05575562881201387,3,0.5
879,0.05575562881201387,4,0.16
880,0.05586087497412994,1,0.06
881,0.05586087497412994,2,0.28
882,0.05586087497412994,3,0.48
883,0.05586087497412994,4,0.18
884,0.05616800308567344,1,0.06
885,0.05616800308567344,2,0.28
886,0.05616800308567344,3,0.46
887,0.05616800308567344,4,0.2
888,0.056347946449805224,1,0.06
889,0.056347946449805224,2,0.29
890,0.056347946449805224,3,0.46
891,0.056347946449805224,4,0.19
892,0.056810767484982386,1,0.06
893,0.056810767484982386,2,0.28
894,0.056810767484982386,3,0.48
895,0.056810767484982386,4,0.18
896,0.05774629563030946,1,0.06
897,0.05774629563030946,2,0.3
898,0.05774629563030946,3,0.46
899,0.05774629563030946,4,0.18
900,0.05825472082230724,1,0.06
901,0.05825472082230724,2,0.31
902,0.05825472082230724,3,0.44
903,0.05825472082230724,4,0.19
904,0.05876296206082585,1,0.06
905,0.05876296206082585,2,0.32
906,0.05876296206082585,3,0.44
907,0.05876296206082585,4,0.18
908,0.05887947537065701,1,0.07
909,0.05887947537065701,2,0.33
910,0.05887947537065701,3,0.43
911,0.05887947537065701,4,0.17
912,0.05920093205469175,1,0.06
913,0.05920093205469175,2,0.33
914,0.05920093205469175,3,0.42
915,0.05920093205469175,4,0.19
916,0.05950443008852939,1,0.06
917,0.05950443008852939,2,0.32
918,0.05950443008852939,3,0.42
919,0.05950443008852939,4,0.2
920,0.059741580300217256,1,0.05
921,0.059741580300217256,2,0.32
922,0.059741580300217256,3,0.43
923,0.059741580300217256,4,0.2
924,0.060385729255683224,1,0.05
925,0.060385729255683224,2,0.3
926,0.060385729255683224,3,0.45
927,0.060385729255683224,4,0.2
928,0.06054006224751567,1,0.05
929,0.06054006224751567,2,0.3
930,0.06054006224751567,3,0.45
931,0.06054006224751567,4,0.2
932,0.060654757128066505,1,0.06
933,0.060654757128066505,2,0.31
934,0.060654757128066505,3,0.44
935,0.060654757128066505,4,0.19
936,0.06082006728333906,1,0.06
937,0.06082006728333906,2,0.31
938,0.06082006728333906,3,0.44
939,0.06082006728333906,4,0.19
940,0.06097042873682023,1,0.06
941,0.06097042873682023,2,0.31
942,0.06097042873682023,3,0.44
943,0.06097042873682023,4,0.19
944,0.061136750747813336,1,0.05
945,0.061136750747813336,2,0.31
946,0.061136750747813336,3,0.45
947,0.061136750747813336,4,0.19
948,0.06139853628104155,1,0.05
949,0.06139853628104155,2,0.31
950,0.06139853628104155,3,0.45
951,0.06139853628104155,4,0.19
952,0.061750529180788896,1,0.05
953,0.061750529180788896,2,0.31
954,0.061750529180788896,3,0.45
955,0.061750529180788896,4,0.19
956,0.06177491309043253,1,0.04
957,0.06177491309043253,2,0.3
958,0.06177491309043253,3,0.46
959,0.06177491309043253,4,0.2
960,0.062288099116717864,1,0.04
961,0.062288099116717864,2,0.31
962,0.062288099116717864,3,0.44
963,0.062288099116717864,4,0.21
964,0.06278584306847987,1,0.05
965,0.06278584306847987,2,0.3
966,0.06278584306847987,3,0.45
967,0.06278584306847987,4,0.2
968,0.06338878576090297,1,0.05
969,0.06338878576090297,2,0.3
970,0.06338878576090297,3,0.47
971,0.06338878576090297,4,0.18
972,0.06435971512348078,1,0.05
973,0.06435971512348078,2,0.3
974,0.06435971512348078,3,0.47
975,0.06435971512348078,4,0.18
976,0.0645158226652964,1,0.04
977,0.0645158226652964,2,0.3
978,0.0645158226652964,3,0.46
979,0.0645158226652964,4,0.2
980,0.06486753187274953,1,0.05
981,0.06486753187274953,2,0.3
982,0.06486753187274953,3,0.47
983,0.06486753187274953,4,0.18
984,0.06563894192278025,1,0.06
985,0.06563894192278025,2,0.3
986,0.06563894192278025,3,0.46
987,0.06563894192278025,4,0.18
988,0.06586291936749811,1,0.07
989,0.06586291936749811,2,0.29
990,0.06586291936749811,3,0.47
991,0.06586291936749811,4,0.17
992,0.06641760331634859,1,0.08
993,0.06641760331634859,2,0.3
994,0.06641760331634859,3,0.46
995,0.06641760331634859,4,0.16
996,0.06652356855265318,1,0.07
997,0.06652356855265318,2,0.3
998,0.06652356855265318,3,0.45
999,0.06652356855265318,4,0.18
1000,0.06693590868561296,1,0.06
1001,0.06693590868561296,2,0.3
1002,0.06693590868561296,3,0.46
1003,0.06693590868561296,4,0.18
1004,0.06743261950074535,1,0.06
1005,0.06743261950074535,2,0.3
1006,0.06743261950074535,3,0.48
1007,0.06743261950074535,4,0.16
1008,0.06747710258211952,1,0.07
1009,0.06747710258211952,2,0.29
1010,0.06747710258211952,3,0.49
1011,0.06747710258211952,4,0.15
1012,0.06773087076641436,1,0.07
1013,0.06773087076641436,2,0.29
1014,0.06773087076641436,3,0.49
1015,0.06773087076641436,4,0.15
1016,0.06792696308493831,1,0.06
1017,0.06792696308493831,2,0.28
1018,0.06792696308493831,3,0.5
1019,0.06792696308493831,4,0.16
1020,0.0682798518017996,1,0.06
1021,0.0682798518017996,2,0.27
1022,0.0682798518017996,3,0.5
1023,0.0682798518017996,4,0.17
1024,0.0686685742109927,1,0.05
1025,0.0686685742109927,2,0.28
1026,0.0686685742109927,3,0.51
1027,0.0686685742109927,4,0.16
1028,0.06912351071233687,1,0.04
1029,0.06912351071233687,2,0.28
1030,0.06912351071233687,3,0.52
1031,0.06912351071233687,4,0.16
1032,0.06954181627237392,1,0.03
1033,0.06954181627237392,2,0.28
1034,0.06954181627237392,3,0.51
1035,0.06954181627237392,4,0.18
1036,0.07002302491588425,1,0.04
1037,0.07002302491588425,2,0.28
1038,0.07002302491588425,3,0.5
1039,0.07002302491588425,4,0.18
1040,0.07024903302666023,1,0.05
1041,0.07024903302666023,2,0.29
1042,0.07024903302666023,3,0.49
1043,0.07024903302666023,4,0.17
1044,0.07090144690688238,1,0.05
1045,0.07090144690688238,2,0.28
1046,0.07090144690688238,3,0.51
1047,0.07090144690688238,4,0.16
1048,0.07123610256191472,1,0.05
1049,0.07123610256191472,2,0.29
1050,0.07123610256191472,3,0.51
1051,0.07123610256191472,4,0.15
1052,0.07147782574791735,1,0.06
1053,0.07147782574791735,2,0.28
1054,0.07147782574791735,3,0.5
1055,0.07147782574791735,4,0.16
1056,0.07160699864966141,1,0.05
1057,0.07160699864966141,2,0.28
1058,0.07160699864966141,3,0.51
1059,0.07160699864966141,4,0.16
1060,0.07185420013869862,1,0.05
1061,0.07185420013869862,2,0.28
1062,0.07185420013869862,3,0.49
1063,0.07185420013869862,4,0.18
1064,0.07214769205767228,1,0.05
1065,0.07214769205767228,2,0.28
1066,0.07214769205767228,3,0.49
1067,0.07214769205767228,4,0.18
1068,0.07238196499906989,1,0.05
1069,0.07238196499906989,2,0.3
1070,0.07238196499906989,3,0.47
1071,0.07238196499906989,4,0.18
1072,0.0726852623221078,1,0.05
1073,0.0726852623221078,2,0.3
1074,0.0726852623221078,3,0.49
1075,0.0726852623221078,4,0.16
1076,0.07297511241138388,1,0.07
1077,0.07297511241138388,2,0.3
1078,0.07297511241138388,3,0.49
1079,0.07297511241138388,4,0.14
1080,0.07358497354513709,1,0.06
1081,0.07358497354513709,2,0.3
1082,0.07358497354513709,3,0.48
1083,0.07358497354513709,4,0.16
1084,0.07414389372725456,1,0.07
1085,0.07414389372725456,2,0.29
1086,0.07414389372725456,3,0.49
1087,0.07414389372725456,4,0.15
1088,0.07473559506206565,1,0.08
1089,0.07473559506206565,2,0.29
1090,0.07473559506206565,3,0.5
1091,0.07473559506206565,4,0.13
1092,0.0748017686115893,1,0.07
1093,0.0748017686115893,2,0.29
1094,0.0748017686115893,3,0.49
1095,0.0748017686115893,4,0.15
1096,0.07514211979663118,1,0.07
1097,0.07514211979663118,2,0.27
1098,0.07514211979663118,3,0.51
1099,0.07514211979663118,4,0.15
1100,0.07547500193253341,1,0.07
1101,0.07547500193253341,2,0.27
1102,0.07547500193253341,3,0.51
1103,0.07547500193253341,4,0.15
1104,0.07599203192675959,1,0.07
1105,0.07599203192675959,2,0.28
1106,0.07599203192675959,3,0.51
1107,0.07599203192675959,4,0.14
1108,0.07621751602258961,1,0.08
1109,0.07621751602258961,2,0.29
1110,0.07621751602258961,3,0.5
1111,0.07621751602258961,4,0.13
1112,0.0763382345446768,1,0.09
1113,0.0763382345446768,2,0.28
1114,0.0763382345446768,3,0.51
1115,0.0763382345446768,4,0.12
1116,0.07672494711519662,1,0.09
1117,0.07672494711519662,2,0.28
1118,0.07672494711519662,3,0.53
1119,0.07672494711519662,4,0.1
1120,0.07715860596606931,1,0.08
1121,0.07715860596606931,2,0.29
1122,0.07715860596606931,3,0.52
1123,0.07715860596606931,4,0.11
1124,0.07744944684764372,1,0.09
1125,0.07744944684764372,2,0.29
1126,0.07744944684764372,3,0.51
1127,0.07744944684764372,4,0.11
1128,0.07760658494249552,1,0.1
1129,0.07760658494249552,2,0.29
1130,0.07760658494249552,3,0.52
1131,0.07760658494249552,4,0.09
1132,0.07791406849729733,1,0.1
1133,0.07791406849729733,2,0.31
1134,0.07791406849729733,3,0.5
1135,0.07791406849729733,4,0.09
1136,0.07801237182076333,1,0.09
1137,0.07801237182076333,2,0.31
1138,0.07801237182076333,3,0.51
1139,0.07801237182076333,4,0.09
1140,0.07822063954934985,1,0.08
1141,0.07822063954934985,2,0.32
1142,0.07822063954934985,3,0.5
1143,0.07822063954934985,4,0.1
1144,0.07864319932787497,1,0.07
1145,0.07864319932787497,2,0.34
1146,0.07864319932787497,3,0.49
1147,0.07864319932787497,4,0.1
1148,0.07871430708958112,1,0.06
1149,0.07871430708958112,2,0.34
1150,0.07871430708958112,3,0.48
1151,0.07871430708958112,4,0.12
1152,0.07957007873286835,1,0.06
1153,0.07957007873286835,2,0.33
1154,0.07957007873286835,3,0.48
1155,0.07957007873286835,4,0.13
1156,0.07962253503231916,1,0.06
1157,0.07962253503231916,2,0.32
1158,0.07962253503231916,3,0.48
1159,0.07962253503231916,4,0.14
1160,0.0804913232482804,1,0.04
1161,0.0804913232482804,2,0.33
1162,0.0804913232482804,3,0.48
1163,0.0804913232482804,4,0.15
1164,0.08075876834405785,1,0.05
1165,0.08075876834405785,2,0.33
1166,0.08075876834405785,3,0.49
1167,0.08075876834405785,4,0.13
1168,0.08081768443878423,1,0.05
1169,0.08081768443878423,2,0.33
1170,0.08081768443878423,3,0.51
1171,0.08081768443878423,4,0.11
1172,0.08139881988986576,1,0.06
1173,0.08139881988986576,2,0.32
1174,0.08139881988986576,3,0.5
1175,0.08139881988986576,4,0.12
1176,0.0817855187755247,1,0.06
1177,0.0817855187755247,2,0.3
1178,0.0817855187755247,3,0.52
1179,0.0817855187755247,4,0.12
1180,0.08194352579190695,1,0.07
1181,0.08194352579190695,2,0.3
1182,0.08194352579190695,3,0.51
1183,0.08194352579190695,4,0.12
1184,0.08232042245248944,1,0.07
1185,0.08232042245248944,2,0.3
1186,0.08232042245248944,3,0.51
1187,0.08232042245248944,4,0.12
1188,0.08271293891858512,1,0.07
1189,0.08271293891858512,2,0.31
1190,0.08271293891858512,3,0.49
1191,0.08271293891858512,4,0.13
1192,0.08282552227117554,1,0.08
1193,0.08282552227117554,2,0.31
1194,0.08282552227117554,3,0.48
1195,0.08282552227117554,4,0.13
1196,0.08324779620834503,1,0.08
1197,0.08324779620834503,2,0.29
1198,0.08324779620834503,3,0.5
1199,0.08324779620834503,4,0.13
1200,0.08334680742558419,1,0.09
1201,0.08334680742558419,2,0.28
1202,0.08334680742558419,3,0.51
1203,0.08334680742558419,4,0.12
1204,0.08369441423195649,1,0.08
1205,0.08369441423195649,2,0.28
1206,0.08369441423195649,3,0.5
1207,0.08369441423195649,4,0.14
1208,0.08379051541164037,1,0.09
1209,0.08379051541164037,2,0.27
1210,0.08379051541164037,3,0.51
1211,0.08379051541164037,4,0.13
1212,0.08395730498452281,1,0.09
1213,0.08395730498452281,2,0.27
1214,0.08395730498452281,3,0.53
1215,0.08395730498452281,4,0.11
1216,0.08434697536017453,1,0.08
1217,0.08434697536017453,2,0.27
1218,0.08434697536017453,3,0.54
1219,0.08434697536017453,4,0.11
1220,0.08490681214034322,1,0.07
1221,0.08490681214034322,2,0.29
1222,0.08490681214034322,3,0.53
1223,0.08490681214034322,4,0.11
1224,0.08526520523497746,1,0.06
1225,0.08526520523497746,2,0.29
1226,0.08526520523497746,3,0.54
1227,0.08526520523497746,4,0.11
1228,0.0858559271956904,1,0.06
1229,0.0858559271956904,2,0.29
1230,0.0858559271956904,3,0.54
1231,0.0858559271956904,4,0.11
1232,0.08715030131361828,1,0.05
1233,0.08715030131361828,2,0.29
1234,0.08715030131361828,3,0.55
1235,0.08715030131361828,4,0.11
1236,0.0873421608578916,1,0.04
1237,0.0873421608578916,2,0.28
1238,0.0873421608578916,3,0.56
1239,0.0873421608578916,4,0.12
1240,0.08743053943206237,1,0.04
1241,0.08743053943206237,2,0.26
1242,0.08743053943206237,3,0.58
1243,0.08743053943206237,4,0.12
1244,0.08817149375410074,1,0.04
1245,0.08817149375410074,2,0.25
1246,0.08817149375410074,3,0.58
1247,0.08817149375410074,4,0.13
1248,0.08869052672259481,1,0.04
1249,0.08869052672259481,2,0.26
1250,0.08869052672259481,3,0.56
1251,0.08869052672259481,4,0.14
1252,0.08875706685014613,1,0.03
1253,0.08875706685014613,2,0.26
1254,0.08875706685014613,3,0.57
1255,0.08875706685014613,4,0.14
1256,0.08922025939210507,1,0.04
1257,0.08922025939210507,2,0.27
1258,0.08922025939210507,3,0.56
1259,0.08922025939210507,4,0.13
1260,0.08960370365306408,1,0.04
1261,0.08960370365306408,2,0.27
1262,0.08960370365306408,3,0.56
1263,0.08960370365306408,4,0.13
1264,0.09020061509720136,1,0.03
1265,0.09020061509720136,2,0.28
1266,0.09020061509720136,3,0.55
1267,0.09020061509720136,4,0.14
1268,0.09069684931889901,1,0.04
1269,0.09069684931889901,2,0.27
1270,0.09069684931889901,3,0.54
1271,0.09069684931889901,4,0.15
1272,0.0911805050608882,1,0.03
1273,0.0911805050608882,2,0.28
1274,0.0911805050608882,3,0.55
1275,0.0911805050608882,4,0.14
1276,0.09142582512569639,1,0.03
1277,0.09142582512569639,2,0.27
1278,0.09142582512569639,3,0.55
1279,0.09142582512569639,4,0.15
1280,0.09171202085367047,1,0.04
1281,0.09171202085367047,2,0.27
1282,0.09171202085367047,3,0.54
1283,0.09171202085367047,4,0.15
1284,0.09217747196641492,1,0.05
1285,0.09217747196641492,2,0.26
1286,0.09217747196641492,3,0.55
1287,0.09217747196641492,4,0.14
1288,0.09230773965191587,1,0.06
1289,0.09230773965191587,2,0.26
1290,0.09230773965191587,3,0.54
1291,0.09230773965191587,4,0.14
1292,0.09244121948975025,1,0.05
1293,0.09244121948975025,2,0.27
1294,0.09244121948975025,3,0.55
1295,0.09244121948975025,4,0.13
1296,0.09250049853202337,1,0.07
1297,0.09250049853202337,2,0.26
1298,0.09250049853202337,3,0.55
1299,0.09250049853202337,4,0.12
1300,0.09303530726784023,1,0.06
1301,0.09303530726784023,2,0.26
1302,0.09303530726784023,3,0.56
1303,0.09303530726784023,4,0.12
1304,0.09318509828641444,1,0.06
1305,0.09318509828641444,2,0.26
1306,0.09318509828641444,3,0.56
1307,0.09318509828641444,4,0.12
1308,0.09343169879353201,1,0.05
1309,0.09343169879353201,2,0.26
1310,0.09343169879353201,3,0.57
1311,0.09343169879353201,4,0.12
1312,0.09360432375585415,1,0.05
1313,0.09360432375585415,2,0.26
1314,0.09360432375585415,3,0.57
1315,0.09360432375585415,4,0.12
1316,0.09410837608925642,1,0.05
1317,0.09410837608925642,2,0.27
1318,0.09410837608925642,3,0.57
1319,0.09410837608925642,4,0.11
1320,0.09464321206542374,1,0.05
1321,0.09464321206542374,2,0.27
1322,0.09464321206542374,3,0.55
1323,0.09464321206542374,4,0.13
1324,0.09481146786934383,1,0.03
1325,0.09481146786934383,2,0.28
1326,0.09481146786934383,3,0.55
1327,0.09481146786934383,4,0.14
1328,0.0949833683088303,1,0.03
1329,0.0949833683088303,2,0.29
1330,0.0949833683088303,3,0.53
1331,0.0949833683088303,4,0.15
1332,0.09551899858770714,1,0.03
1333,0.09551899858770714,2,0.3
1334,0.09551899858770714,3,0.53
1335,0.09551899858770714,4,0.14
1336,0.09651888959861377,1,0.03
1337,0.09651888959861377,2,0.3
1338,0.09651888959861377,3,0.55
1339,0.09651888959861377,4,0.12
1340,0.09708426323451201,1,0.03
1341,0.09708426323451201,2,0.3
1342,0.09708426323451201,3,0.55
1343,0.09708426323451201,4,0.12
1344,0.09822375345196104,1,0.03
1345,0.09822375345196104,2,0.29
1346,0.09822375345196104,3,0.55
1347,0.09822375345196104,4,0.13
1348,0.09850822544399496,1,0.03
1349,0.09850822544399496,2,0.28
1350,0.09850822544399496,3,0.57
1351,0.09850822544399496,4,0.12
1352,0.09932116057834768,1,0.04
1353,0.09932116057834768,2,0.27
1354,0.09932116057834768,3,0.58
1355,0.09932116057834768,4,0.11
1356,0.09980265329607274,1,0.04
1357,0.09980265329607274,2,0.27
1358,0.09980265329607274,3,0.6
1359,0.09980265329607274,4,0.09
1360,0.10001807494843314,1,0.05
1361,0.10001807494843314,2,0.26
1362,0.10001807494843314,3,0.59
1363,0.10001807494843314,4,0.1
1364,0.10034496854149684,1,0.05
1365,0.10034496854149684,2,0.27
1366,0.10034496854149684,3,0.59
1367,0.10034496854149684,4,0.09
1368,0.10107525845757481,1,0.05
1369,0.10107525845757481,2,0.26
1370,0.10107525845757481,3,0.59
1371,0.10107525845757481,4,0.1
1372,0.10125089252286176,1,0.05
1373,0.10125089252286176,2,0.25
1374,0.10125089252286176,3,0.59
1375,0.10125089252286176,4,0.11
1376,0.10142711853066902,1,0.06
1377,0.10142711853066902,2,0.24
1378,0.10142711853066902,3,0.58
1379,0.10142711853066902,4,0.12
1380,0.1024259248495728,1,0.05
1381,0.1024259248495728,2,0.25
1382,0.1024259248495728,3,0.57
1383,0.1024259248495728,4,0.13
1384,0.10351478209052861,1,0.06
1385,0.10351478209052861,2,0.25
1386,0.10351478209052861,3,0.56
1387,0.10351478209052861,4,0.13
1388,0.10372433104272549,1,0.06
1389,0.10372433104272549,2,0.26
1390,0.10372433104272549,3,0.56
1391,0.10372433104272549,4,0.12
1392,0.10401850896636841,1,0.06
1393,0.10401850896636841,2,0.27
1394,0.10401850896636841,3,0.54
1395,0.10401850896636841,4,0.13
1396,0.1048268225966785,1,0.06
1397,0.1048268225966785,2,0.28
1398,0.1048268225966785,3,0.54
1399,0.1048268225966785,4,0.12
1400,0.1050997550219564,1,0.06
1401,0.1050997550219564,2,0.29
1402,0.1050997550219564,3,0.54
1403,0.1050997550219564,4,0.11
1404,0.10534365293954184,1,0.06
1405,0.10534365293954184,2,0.29
1406,0.10534365293954184,3,0.56
1407,0.10534365293954184,4,0.09
1408,0.10586922795601801,1,0.07
1409,0.10586922795601801,2,0.28
1410,0.10586922795601801,3,0.57
1411,0.10586922795601801,4,0.08
1412,0.10640674035673814,1,0.06
1413,0.10640674035673814,2,0.28
1414,0.10640674035673814,3,0.58
1415,0.10640674035673814,4,0.08
1416,0.10648293921427547,1,0.06
1417,0.10648293921427547,2,0.28
1418,0.10648293921427547,3,0.56
1419,0.10648293921427547,4,0.1
1420,0.10703780109823205,1,0.06
1421,0.10703780109823205,2,0.28
1422,0.10703780109823205,3,0.58
1423,0.10703780109823205,4,0.08
1424,0.10777095174784879,1,0.07
1425,0.10777095174784879,2,0.26
1426,0.10777095174784879,3,0.59
1427,0.10777095174784879,4,0.08
1428,0.1078933289562832,1,0.07
1429,0.1078933289562832,2,0.28
1430,0.1078933289562832,3,0.57
1431,0.1078933289562832,4,0.08
1432,0.1082776935759241,1,0.07
1433,0.1082776935759241,2,0.28
1434,0.1082776935759241,3,0.57
1435,0.1082776935759241,4,0.08
1436,0.10832334039680437,1,0.06
1437,0.10832334039680437,2,0.28
1438,0.10832334039680437,3,0.58
1439,0.10832334039680437,4,0.08
1440,0.10857409980629613,1,0.05
1441,0.10857409980629613,2,0.28
1442,0.10857409980629613,3,0.59
1443,0.10857409980629613,4,0.08
1444,0.10897440372346309,1,0.04
1445,0.10897440372346309,2,0.28
1446,0.10897440372346309,3,0.6
1447,0.10897440372346309,4,0.08
1448,0.10927569905972292,1,0.04
1449,0.10927569905972292,2,0.29
1450,0.10927569905972292,3,0.58
1451,0.10927569905972292,4,0.09
1452,0.10942201663851235,1,0.03
1453,0.10942201663851235,2,0.29
1454,0.10942201663851235,3,0.57
1455,0.10942201663851235,4,0.11
1456,0.10970768656315381,1,0.03
1457,0.10970768656315381,2,0.28
1458,0.10970768656315381,3,0.59
1459,0.10970768656315381,4,0.1
1460,0.10991615130702911,1,0.03
1461,0.10991615130702911,2,0.28
1462,0.10991615130702911,3,0.59
1463,0.10991615130702911,4,0.1
1464,0.11028445323694866,1,0.03
1465,0.11028445323694866,2,0.27
1466,0.11028445323694866,3,0.59
1467,0.11028445323694866,4,0.11
1468,0.11064838900890178,1,0.03
1469,0.11064838900890178,2,0.26
1470,0.11064838900890178,3,0.61
1471,0.11064838900890178,4,0.1
1472,0.11118178171679402,1,0.03
1473,0.11118178171679402,2,0.27
1474,0.11118178171679402,3,0.59
1475,0.11118178171679402,4,0.11
1476,0.11125904747013517,1,0.03
1477,0.11125904747013517,2,0.27
1478,0.11125904747013517,3,0.57
1479,0.11125904747013517,4,0.13
1480,0.11202459653366628,1,0.03
1481,0.11202459653366628,2,0.29
1482,0.11202459653366628,3,0.55
1483,0.11202459653366628,4,0.13
1484,0.1122526894182888,1,0.03
1485,0.1122526894182888,2,0.28
1486,0.1122526894182888,3,0.57
1487,0.1122526894182888,4,0.12
1488,0.11230100238082925,1,0.02
1489,0.11230100238082925,2,0.29
1490,0.11230100238082925,3,0.56
1491,0.11230100238082925,4,0.13
1492,0.11271122589500103,1,0.02
1493,0.11271122589500103,2,0.28
1494,0.11271122589500103,3,0.58
1495,0.11271122589500103,4,0.12
1496,0.11294847300879335,1,0.03
1497,0.11294847300879335,2,0.28
1498,0.11294847300879335,3,0.57
1499,0.11294847300879335,4,0.12
1500,0.11319947100608661,1,0.02
1501,0.11319947100608661,2,0.28
1502,0.11319947100608661,3,0.58
1503,0.11319947100608661,4,0.12
1504,0.11403220158477648,1,0.03
1505,0.11403220158477648,2,0.27
1506,0.11403220158477648,3,0.57
1507,0.11403220158477648,4,0.13
1508,0.11447674234063966,1,0.03
1509,0.11447674234063966,2,0.27
1510,0.11447674234063966,3,0.57
1511,0.11447674234063966,4,0.13
1512,0.11473526953524173,1,0.05
1513,0.11473526953524173,2,0.27
1514,0.11473526953524173,3,0.57
1515,0.11473526953524173,4,0.11
1516,0.11537863912035672,1,0.07
1517,0.11537863912035672,2,0.26
1518,0.11537863912035672,3,0.57
1519,0.11537863912035672,4,0.1
1520,0.11551214347321842,1,0.06
1521,0.11551214347321842,2,0.26
1522,0.11551214347321842,3,0.58
1523,0.11551214347321842,4,0.1
1524,0.11626336654713214,1,0.06
1525,0.11626336654713214,2,0.24
1526,0.11626336654713214,3,0.6
1527,0.11626336654713214,4,0.1
1528,0.11655607518249897,1,0.05
1529,0.11655607518249897,2,0.24
1530,0.11655607518249897,3,0.59
1531,0.11655607518249897,4,0.12
1532,0.1168432904332611,1,0.07
1533,0.1168432904332611,2,0.24
1534,0.1168432904332611,3,0.59
1535,0.1168432904332611,4,0.1
1536,0.11690649333877128,1,0.07
1537,0.11690649333877128,2,0.24
1538,0.11690649333877128,3,0.59
1539,0.11690649333877128,4,0.1
1540,0.11732297147079644,1,0.06
1541,0.11732297147079644,2,0.23
1542,0.11732297147079644,3,0.6
1543,0.11732297147079644,4,0.11
1544,0.11758701101202125,1,0.06
1545,0.11758701101202125,2,0.24
1546,0.11758701101202125,3,0.58
1547,0.11758701101202125,4,0.12
1548,0.1176753487109446,1,0.05
1549,0.1176753487109446,2,0.24
1550,0.1176753487109446,3,0.57
1551,0.1176753487109446,4,0.14
1552,0.11784015982906168,1,0.06
1553,0.11784015982906168,2,0.24
1554,0.11784015982906168,3,0.58
1555,0.11784015982906168,4,0.12
1556,0.1178546773259107,1,0.06
1557,0.1178546773259107,2,0.24
1558,0.1178546773259107,3,0.58
1559,0.1178546773259107,4,0.12
1560,0.11863476803819148,1,0.06
1561,0.11863476803819148,2,0.25
1562,0.11863476803819148,3,0.58
1563,0.11863476803819148,4,0.11
1564,0.1188342066178028,1,0.07
1565,0.1188342066178028,2,0.25
1566,0.1188342066178028,3,0.59
1567,0.1188342066178028,4,0.09
1568,0.11920787251357923,1,0.07
1569,0.11920787251357923,2,0.24
1570,0.11920787251357923,3,0.59
1571,0.11920787251357923,4,0.1
1572,0.12004106995894673,1,0.05
1573,0.12004106995894673,2,0.24
1574,0.12004106995894673,3,0.59
1575,0.12004106995894673,4,0.12
1576,0.1201912825464622,1,0.04
1577,0.1201912825464622,2,0.23
1578,0.1201912825464622,3,0.6
1579,0.1201912825464622,4,0.13
1580,0.12070481985636929,1,0.03
1581,0.12070481985636929,2,0.22
1582,0.12070481985636929,3,0.61
1583,0.12070481985636929,4,0.14
1584,0.1209153858118153,1,0.03
1585,0.1209153858118153,2,0.23
1586,0.1209153858118153,3,0.59
1587,0.1209153858118153,4,0.15
1588,0.1210967042700306,1,0.04
1589,0.1210967042700306,2,0.23
1590,0.1210967042700306,3,0.58
1591,0.1210967042700306,4,0.15
1592,0.1211907987561564,1,0.04
1593,0.1211907987561564,2,0.22
1594,0.1211907987561564,3,0.6
1595,0.1211907987561564,4,0.14
1596,0.12167817997715359,1,0.03
1597,0.12167817997715359,2,0.22
1598,0.12167817997715359,3,0.59
1599,0.12167817997715359,4,0.16
1600,0.12186414359455211,1,0.03
1601,0.12186414359455211,2,0.21
1602,0.12186414359455211,3,0.59
1603,0.12186414359455211,4,0.17
1604,0.12219684170837647,1,0.03
1605,0.12219684170837647,2,0.22
1606,0.12219684170837647,3,0.59
1607,0.12219684170837647,4,0.16
1608,0.12255898393573389,1,0.02
1609,0.12255898393573389,2,0.22
1610,0.12255898393573389,3,0.58
1611,0.12255898393573389,4,0.18
1612,0.122886185477081,1,0.02
1613,0.122886185477081,2,0.23
1614,0.122886185477081,3,0.58
1615,0.122886185477081,4,0.17
1616,0.12297810412671653,1,0.02
1617,0.12297810412671653,2,0.23
1618,0.12297810412671653,3,0.56
1619,0.12297810412671653,4,0.19
1620,0.12312318928524552,1,0.02
1621,0.12312318928524552,2,0.25
1622,0.12312318928524552,3,0.54
1623,0.12312318928524552,4,0.19
1624,0.12327641726103956,1,0.02
1625,0.12327641726103956,2,0.25
1626,0.12327641726103956,3,0.54
1627,0.12327641726103956,4,0.19
1628,0.123474321576893,1,0.02
1629,0.123474321576893,2,0.25
1630,0.123474321576893,3,0.56
1631,0.123474321576893,4,0.17
1632,0.12361753686252053,1,0.03
1633,0.12361753686252053,2,0.26
1634,0.12361753686252053,3,0.55
1635,0.12361753686252053,4,0.16
1636,0.12367766212564955,1,0.04
1637,0.12367766212564955,2,0.26
1638,0.12367766212564955,3,0.56
1639,0.12367766212564955,4,0.14
1640,0.12443521010554318,1,0.04
1641,0.12443521010554318,2,0.25
1642,0.12443521010554318,3,0.58
1643,0.12443521010554318,4,0.13
1644,0.12521619735099299,1,0.05
1645,0.12521619735099299,2,0.24
1646,0.12521619735099299,3,0.59
1647,0.12521619735099299,4,0.12
1648,0.1254617157314776,1,0.05
1649,0.1254617157314776,2,0.23
1650,0.1254617157314776,3,0.61
1651,0.1254617157314776,4,0.11
1652,0.12586800456855798,1,0.05
1653,0.12586800456855798,2,0.23
1654,0.12586800456855798,3,0.61
1655,0.12586800456855798,4,0.11
1656,0.12602345870671036,1,0.04
1657,0.12602345870671036,2,0.23
1658,0.12602345870671036,3,0.6
1659,0.12602345870671036,4,0.13
1660,0.1262609075645376,1,0.03
1661,0.1262609075645376,2,0.22
1662,0.1262609075645376,3,0.61
1663,0.1262609075645376,4,0.14
1664,0.12643838631174176,1,0.03
1665,0.12643838631174176,2,0.22
1666,0.12643838631174176,3,0.59
1667,0.12643838631174176,4,0.16
1668,0.1267218506871328,1,0.03
1669,0.1267218506871328,2,0.22
1670,0.1267218506871328,3,0.57
1671,0.1267218506871328,4,0.18
1672,0.12697039819877537,1,0.03
1673,0.12697039819877537,2,0.23
1674,0.12697039819877537,3,0.57
1675,0.12697039819877537,4,0.17
1676,0.12727550277307306,1,0.04
1677,0.12727550277307306,2,0.23
1678,0.12727550277307306,3,0.56
1679,0.12727550277307306,4,0.17
1680,0.12767709948065858,1,0.04
1681,0.12767709948065858,2,0.24
1682,0.12767709948065858,3,0.56
1683,0.12767709948065858,4,0.16
1684,0.12813915387293548,1,0.05
1685,0.12813915387293548,2,0.23
1686,0.12813915387293548,3,0.57
1687,0.12813915387293548,4,0.15
1688,0.12844456905554658,1,0.05
1689,0.12844456905554658,2,0.23
1690,0.12844456905554658,3,0.57
1691,0.12844456905554658,4,0.15
1692,0.12903973850739137,1,0.05
1693,0.12903973850739137,2,0.21
1694,0.12903973850739137,3,0.59
1695,0.12903973850739137,4,0.15
1696,0.12943041317996873,1,0.07
1697,0.12943041317996873,2,0.21
1698,0.12943041317996873,3,0.59
1699,0.12943041317996873,4,0.13
1700,0.12964041458989856,1,0.07
1701,0.12964041458989856,2,0.2
1702,0.12964041458989856,3,0.61
1703,0.12964041458989856,4,0.12
1704,0.12995734908151949,1,0.07
1705,0.12995734908151949,2,0.19
1706,0.12995734908151949,3,0.61
1707,0.12995734908151949,4,0.13
1708,0.13020751719673726,1,0.07
1709,0.13020751719673726,2,0.2
1710,0.13020751719673726,3,0.59
1711,0.13020751719673726,4,0.14
1712,0.13089888393499347,1,0.05
1713,0.13089888393499347,2,0.2
1714,0.13089888393499347,3,0.59
1715,0.13089888393499347,4,0.16
1716,0.13136869960157488,1,0.06
1717,0.13136869960157488,2,0.21
1718,0.13136869960157488,3,0.58
1719,0.13136869960157488,4,0.15
1720,0.13189517755326016,1,0.06
1721,0.13189517755326016,2,0.21
1722,0.13189517755326016,3,0.58
1723,0.13189517755326016,4,0.15
1724,0.13243502847980063,1,0.04
1725,0.13243502847980063,2,0.21
1726,0.13243502847980063,3,0.58
1727,0.13243502847980063,4,0.17
1728,0.13252987691507814,1,0.04
1729,0.13252987691507814,2,0.21
1730,0.13252987691507814,3,0.58
1731,0.13252987691507814,4,0.17
1732,0.1326270229925076,1,0.04
1733,0.1326270229925076,2,0.2
1734,0.1326270229925076,3,0.58
1735,0.1326270229925076,4,0.18
1736,0.13268737622197777,1,0.03
1737,0.13268737622197777,2,0.19
1738,0.13268737622197777,3,0.59
1739,0.13268737622197777,4,0.19
1740,0.1334448406511247,1,0.02
1741,0.1334448406511247,2,0.19
1742,0.1334448406511247,3,0.6
1743,0.1334448406511247,4,0.19
1744,0.1338966473831353,1,0.03
1745,0.1338966473831353,2,0.17
1746,0.1338966473831353,3,0.61
1747,0.1338966473831353,4,0.19
1748,0.13399240960126352,1,0.03
1749,0.13399240960126352,2,0.18
1750,0.13399240960126352,3,0.61
1751,0.13399240960126352,4,0.18
1752,0.13414562125932736,1,0.04
1753,0.13414562125932736,2,0.17
1754,0.13414562125932736,3,0.6
1755,0.13414562125932736,4,0.19
1756,0.13484281668982961,1,0.05
1757,0.13484281668982961,2,0.17
1758,0.13484281668982961,3,0.59
1759,0.13484281668982961,4,0.19
1760,0.13507162234079093,1,0.05
1761,0.13507162234079093,2,0.17
1762,0.13507162234079093,3,0.59
1763,0.13507162234079093,4,0.19
1764,0.1352913049413121,1,0.05
1765,0.1352913049413121,2,0.16
1766,0.1352913049413121,3,0.59
1767,0.1352913049413121,4,0.2
1768,0.13535539203488536,1,0.07
1769,0.13535539203488536,2,0.16
1770,0.13535539203488536,3,0.59
1771,0.13535539203488536,4,0.18
1772,0.13564595231036145,1,0.06
1773,0.13564595231036145,2,0.16
1774,0.13564595231036145,3,0.6
1775,0.13564595231036145,4,0.18
1776,0.1359406426896881,1,0.06
1777,0.1359406426896881,2,0.16
1778,0.1359406426896881,3,0.6
1779,0.1359406426896881,4,0.18
1780,0.1362202355093909,1,0.06
1781,0.1362202355093909,2,0.17
1782,0.1362202355093909,3,0.6
1783,0.1362202355093909,4,0.17
1784,0.13654621302182524,1,0.07
1785,0.13654621302182524,2,0.18
1786,0.13654621302182524,3,0.59
1787,0.13654621302182524,4,0.16
1788,0.13667415946913394,1,0.06
1789,0.13667415946913394,2,0.18
1790,0.13667415946913394,3,0.58
1791,0.13667415946913394,4,0.18
1792,0.1369192856174072,1,0.07
1793,0.1369192856174072,2,0.19
1794,0.1369192856174072,3,0.57
1795,0.1369192856174072,4,0.17
1796,0.1371321822000095,1,0.07
1797,0.1371321822000095,2,0.2
1798,0.1371321822000095,3,0.57
1799,0.1371321822000095,4,0.16
1800,0.1375099004278526,1,0.08
1801,0.1375099004278526,2,0.2
1802,0.1375099004278526,3,0.56
1803,0.1375099004278526,4,0.16
1804,0.13779829324355997,1,0.06
1805,0.13779829324355997,2,0.21
1806,0.13779829324355997,3,0.56
1807,0.13779829324355997,4,0.17
1808,0.1381804677011609,1,0.06
1809,0.1381804677011609,2,0.21
1810,0.1381804677011609,3,0.58
1811,0.1381804677011609,4,0.15
1812,0.1383233047941655,1,0.06
1813,0.1383233047941655,2,0.22
1814,0.1383233047941655,3,0.58
1815,0.1383233047941655,4,0.14
1816,0.13842758694965557,1,0.05
1817,0.13842758694965557,2,0.23
1818,0.13842758694965557,3,0.59
1819,0.13842758694965557,4,0.13
1820,0.13946778158258727,1,0.05
1821,0.13946778158258727,2,0.23
1822,0.13946778158258727,3,0.61
1823,0.13946778158258727,4,0.11
1824,0.13965460892758796,1,0.05
1825,0.13965460892758796,2,0.22
1826,0.13965460892758796,3,0.61
1827,0.13965460892758796,4,0.12
1828,0.1402686283807827,1,0.04
1829,0.1402686283807827,2,0.23
1830,0.1402686283807827,3,0.6
1831,0.1402686283807827,4,0.13
1832,0.14120606922038725,1,0.04
1833,0.14120606922038725,2,0.22
1834,0.14120606922038725,3,0.6
1835,0.14120606922038725,4,0.14
1836,0.14183958584444195,1,0.04
1837,0.14183958584444195,2,0.23
1838,0.14183958584444195,3,0.58
1839,0.14183958584444195,4,0.15
1840,0.14192698176047153,1,0.03
1841,0.14192698176047153,2,0.23
1842,0.14192698176047153,3,0.57
1843,0.14192698176047153,4,0.17
1844,0.14249265712851683,1,0.03
1845,0.14249265712851683,2,0.22
1846,0.14249265712851683,3,0.59
1847,0.14249265712851683,4,0.16
1848,0.1428467776231964,1,0.03
1849,0.1428467776231964,2,0.22
1850,0.1428467776231964,3,0.59
1851,0.1428467776231964,4,0.16
1852,0.14309491851093173,1,0.03
1853,0.14309491851093173,2,0.22
1854,0.14309491851093173,3,0.57
1855,0.14309491851093173,4,0.18
1856,0.14331798598978962,1,0.03
1857,0.14331798598978962,2,0.23
1858,0.14331798598978962,3,0.57
1859,0.14331798598978962,4,0.17
1860,0.14349076920160256,1,0.05
1861,0.14349076920160256,2,0.22
1862,0.14349076920160256,3,0.57
1863,0.14349076920160256,4,0.16
1864,0.14371330502745375,1,0.06
1865,0.14371330502745375,2,0.21
1866,0.14371330502745375,3,0.56
1867,0.14371330502745375,4,0.17
1868,0.14372900148498297,1,0.06
1869,0.14372900148498297,2,0.21
1870,0.14372900148498297,3,0.56
1871,0.14372900148498297,4,0.17
1872,0.14384617720078663,1,0.05
1873,0.14384617720078663,2,0.21
1874,0.14384617720078663,3,0.57
1875,0.14384617720078663,4,0.17
1876,0.14405973875667358,1,0.05
1877,0.14405973875667358,2,0.21
1878,0.14405973875667358,3,0.57
1879,0.14405973875667358,4,0.17
1880,0.14419418121433367,1,0.06
1881,0.14419418121433367,2,0.2
1882,0.14419418121433367,3,0.56
1883,0.14419418121433367,4,0.18
1884,0.14448161382224864,1,0.06
1885,0.14448161382224864,2,0.2
1886,0.14448161382224864,3,0.58
1887,0.14448161382224864,4,0.16
1888,0.14476733061850303,1,0.07
1889,0.14476733061850303,2,0.2
1890,0.14476733061850303,3,0.57
1891,0.14476733061850303,4,0.16
1892,0.14503653224148866,1,0.07
1893,0.14503653224148866,2,0.2
1894,0.14503653224148866,3,0.55
1895,0.14503653224148866,4,0.18
1896,0.14508648278732542,1,0.09
1897,0.14508648278732542,2,0.2
1898,0.14508648278732542,3,0.55
1899,0.14508648278732542,4,0.16
1900,0.145406187537898,1,0.1
1901,0.145406187537898,2,0.2
1902,0.145406187537898,3,0.54
1903,0.145406187537898,4,0.16
1904,0.1457692070215847,1,0.09
1905,0.1457692070215847,2,0.2
1906,0.1457692070215847,3,0.55
1907,0.1457692070215847,4,0.16
1908,0.14591895981414646,1,0.09
1909,0.14591895981414646,2,0.21
1910,0.14591895981414646,3,0.55
1911,0.14591895981414646,4,0.15
1912,0.1467632266887625,1,0.08
1913,0.1467632266887625,2,0.22
1914,0.1467632266887625,3,0.54
1915,0.1467632266887625,4,0.16
1916,0.1469524650475512,1,0.07
1917,0.1469524650475512,2,0.23
1918,0.1469524650475512,3,0.53
1919,0.1469524650475512,4,0.17
1920,0.14709505952194543,1,0.07
1921,0.14709505952194543,2,0.23
1922,0.14709505952194543,3,0.53
1923,0.14709505952194543,4,0.17
1924,0.14723850399559796,1,0.06
1925,0.14723850399559796,2,0.24
1926,0.14723850399559796,3,0.52
1927,0.14723850399559796,4,0.18
1928,0.14760108180016754,1,0.05
1929,0.14760108180016754,2,0.25
1930,0.14760108180016754,3,0.51
1931,0.14760108180016754,4,0.19
1932,0.14764128620492392,1,0.05
1933,0.14764128620492392,2,0.24
1934,0.14764128620492392,3,0.51
1935,0.14764128620492392,4,0.2
1936,0.14802101641558016,1,0.04
1937,0.14802101641558016,2,0.24
1938,0.14802101641558016,3,0.52
1939,0.14802101641558016,4,0.2
1940,0.1483789660896579,1,0.04
1941,0.1483789660896579,2,0.24
1942,0.1483789660896579,3,0.52
1943,0.1483789660896579,4,0.2
1944,0.14862790743211451,1,0.04
1945,0.14862790743211451,2,0.25
1946,0.14862790743211451,3,0.5
1947,0.14862790743211451,4,0.21
1948,0.14904771401750536,1,0.04
1949,0.14904771401750536,2,0.24
1950,0.14904771401750536,3,0.5
1951,0.14904771401750536,4,0.22
1952,0.14930982423955988,1,0.03
1953,0.14930982423955988,2,0.24
1954,0.14930982423955988,3,0.49
1955,0.14930982423955988,4,0.24
1956,0.14970318894658777,1,0.02
1957,0.14970318894658777,2,0.23
1958,0.14970318894658777,3,0.5
1959,0.14970318894658777,4,0.25
1960,0.1499609752925927,1,0.03
1961,0.1499609752925927,2,0.23
1962,0.1499609752925927,3,0.51
1963,0.1499609752925927,4,0.23
1964,0.15051452986509237,1,0.02
1965,0.15051452986509237,2,0.24
1966,0.15051452986509237,3,0.5
1967,0.15051452986509237,4,0.24
1968,0.1507132224262303,1,0.04
1969,0.1507132224262303,2,0.23
1970,0.1507132224262303,3,0.5
1971,0.1507132224262303,4,0.23
1972,0.15128594571215234,1,0.03
1973,0.15128594571215234,2,0.23
1974,0.15128594571215234,3,0.51
1975,0.15128594571215234,4,0.23
1976,0.1514612008538946,1,0.03
1977,0.1514612008538946,2,0.23
1978,0.1514612008538946,3,0.51
1979,0.1514612008538946,4,0.23
1980,0.1522019003701084,1,0.02
1981,0.1522019003701084,2,0.24
1982,0.1522019003701084,3,0.52
1983,0.1522019003701084,4,0.22
1984,0.1525942030032573,1,0.03
1985,0.1525942030032573,2,0.24
1986,0.1525942030032573,3,0.53
1987,0.1525942030032573,4,0.2
1988,0.15297997942618205,1,0.03
1989,0.15297997942618205,2,0.23
1990,0.15297997942618205,3,0.55
1991,0.15297997942618205,4,0.19
1992,0.15306969013541236,1,0.03
1993,0.15306969013541236,2,0.24
1994,0.15306969013541236,3,0.55
1995,0.15306969013541236,4,0.18
1996,0.1533325640991478,1,0.03
1997,0.1533325640991478,2,0.24
1998,0.1533325640991478,3,0.55
1999,0.1533325640991478,4,0.18
2000,0.1535201352834797,1,0.03
2001,0.1535201352834797,2,0.24
2002,0.1535201352834797,3,0.57
2003,0.1535201352834797,4,0.16
2004,0.15403244636569485,1,0.03
2005,0.15403244636569485,2,0.24
2006,0.15403244636569485,3,0.57
2007,0.15403244636569485,4,0.16
2008,0.15469000493095414,1,0.04
2009,0.15469000493095414,2,0.24
2010,0.15469000493095414,3,0.56
2011,0.15469000493095414,4,0.16
2012,0.15477166766786776,1,0.04
2013,0.15477166766786776,2,0.24
2014,0.15477166766786776,3,0.56
2015,0.15477166766786776,4,0.16
2016,0.1549663545700035,1,0.04
2017,0.1549663545700035,2,0.23
2018,0.1549663545700035,3,0.56
2019,0.1549663545700035,4,0.17
2020,0.1553002157121832,1,0.03
2021,0.1553002157121832,2,0.23
2022,0.1553002157121832,3,0.57
2023,0.1553002157121832,4,0.17
2024,0.155622483209567,1,0.03
2025,0.155622483209567,2,0.23
2026,0.155622483209567,3,0.57
2027,0.155622483209567,4,0.17
2028,0.15626013165607727,1,0.03
2029,0.15626013165607727,2,0.23
2030,0.15626013165607727,3,0.57
2031,0.15626013165607727,4,0.17
2032,0.15636964094234693,1,0.03
2033,0.15636964094234693,2,0.21
2034,0.15636964094234693,3,0.59
2035,0.15636964094234693,4,0.17
2036,0.1567739856468898,1,0.02
2037,0.1567739856468898,2,0.21
2038,0.1567739856468898,3,0.58
2039,0.1567739856468898,4,0.19
2040,0.15694588367376824,1,0.03
2041,0.15694588367376824,2,0.21
2042,0.15694588367376824,3,0.59
2043,0.15694588367376824,4,0.17
2044,0.15710643820673242,1,0.05
2045,0.15710643820673242,2,0.21
2046,0.15710643820673242,3,0.59
2047,0.15710643820673242,4,0.15
2048,0.15775832838019435,1,0.06
2049,0.15775832838019435,2,0.2
2050,0.15775832838019435,3,0.58
2051,0.15775832838019435,4,0.16
2052,0.1582105221147295,1,0.06
2053,0.1582105221147295,2,0.21
2054,0.1582105221147295,3,0.58
2055,0.1582105221147295,4,0.15
2056,0.15841394118736182,1,0.06
2057,0.15841394118736182,2,0.22
2058,0.15841394118736182,3,0.56
2059,0.15841394118736182,4,0.16
2060,0.1585340025575652,1,0.05
2061,0.1585340025575652,2,0.22
2062,0.1585340025575652,3,0.55
2063,0.1585340025575652,4,0.18
2064,0.1591019034298212,1,0.05
2065,0.1591019034298212,2,0.22
2066,0.1591019034298212,3,0.55
2067,0.1591019034298212,4,0.18
2068,0.15920156706323546,1,0.04
2069,0.15920156706323546,2,0.23
2070,0.15920156706323546,3,0.54
2071,0.15920156706323546,4,0.19
2072,0.1595092071270838,1,0.04
2073,0.1595092071270838,2,0.23
2074,0.1595092071270838,3,0.54
2075,0.1595092071270838,4,0.19
2076,0.15983747466397533,1,0.05
2077,0.15983747466397533,2,0.22
2078,0.15983747466397533,3,0.55
2079,0.15983747466397533,4,0.18
2080,0.160336935510729,1,0.05
2081,0.160336935510729,2,0.24
2082,0.160336935510729,3,0.53
2083,0.160336935510729,4,0.18
2084,0.16053666384488882,1,0.06
2085,0.16053666384488882,2,0.24
2086,0.16053666384488882,3,0.54
2087,0.16053666384488882,4,0.16
2088,0.16092201057603128,1,0.05
2089,0.16092201057603128,2,0.25
2090,0.16092201057603128,3,0.53
2091,0.16092201057603128,4,0.17
2092,0.16117813417158927,1,0.06
2093,0.16117813417158927,2,0.25
2094,0.16117813417158927,3,0.54
2095,0.16117813417158927,4,0.15
2096,0.16132856572143975,1,0.06
2097,0.16132856572143975,2,0.26
2098,0.16132856572143975,3,0.54
2099,0.16132856572143975,4,0.14
2100,0.16172951829386098,1,0.05
2101,0.16172951829386098,2,0.25
2102,0.16172951829386098,3,0.55
2103,0.16172951829386098,4,0.15
2104,0.16194411268060185,1,0.05
2105,0.16194411268060185,2,0.25
2106,0.16194411268060185,3,0.55
2107,0.16194411268060185,4,0.15
2108,0.16221317933225407,1,0.06
2109,0.16221317933225407,2,0.25
2110,0.16221317933225407,3,0.54
2111,0.16221317933225407,4,0.15
2112,0.16237779115018214,1,0.06
2113,0.16237779115018214,2,0.26
2114,0.16237779115018214,3,0.52
2115,0.16237779115018214,4,0.16
2116,0.1627025631889359,1,0.07
2117,0.1627025631889359,2,0.26
2118,0.1627025631889359,3,0.53
2119,0.1627025631889359,4,0.14
2120,0.16349332423082838,1,0.07
2121,0.16349332423082838,2,0.26
2122,0.16349332423082838,3,0.53
2123,0.16349332423082838,4,0.14
2124,0.1635634310317849,1,0.07
2125,0.1635634310317849,2,0.26
2126,0.1635634310317849,3,0.53
2127,0.1635634310317849,4,0.14
2128,0.1639933128868083,1,0.06
2129,0.1639933128868083,2,0.27
2130,0.1639933128868083,3,0.52
2131,0.1639933128868083,4,0.15
2132,0.164141069108973,1,0.06
2133,0.164141069108973,2,0.26
2134,0.164141069108973,3,0.52
2135,0.164141069108973,4,0.16
2136,0.16437960250957415,1,0.06
2137,0.16437960250957415,2,0.26
2138,0.16437960250957415,3,0.54
2139,0.16437960250957415,4,0.14
2140,0.1646285229574311,1,0.06
2141,0.1646285229574311,2,0.26
2142,0.1646285229574311,3,0.54
2143,0.1646285229574311,4,0.14
2144,0.1647435265993534,1,0.06
2145,0.1647435265993534,2,0.26
2146,0.1647435265993534,3,0.54
2147,0.1647435265993534,4,0.14
2148,0.16514834279191543,1,0.06
2149,0.16514834279191543,2,0.27
2150,0.16514834279191543,3,0.54
2151,0.16514834279191543,4,0.13
2152,0.16599853327454558,1,0.06
2153,0.16599853327454558,2,0.28
2154,0.16599853327454558,3,0.52
2155,0.16599853327454558,4,0.14
2156,0.16680975983248628,1,0.07
2157,0.16680975983248628,2,0.27
2158,0.16680975983248628,3,0.51
2159,0.16680975983248628,4,0.15
2160,0.16692772772947925,1,0.06
2161,0.16692772772947925,2,0.27
2162,0.16692772772947925,3,0.52
2163,0.16692772772947925,4,0.15
2164,0.16709472155767338,1,0.07
2165,0.16709472155767338,2,0.26
2166,0.16709472155767338,3,0.53
2167,0.16709472155767338,4,0.14
2168,0.16754656777589264,1,0.07
2169,0.16754656777589264,2,0.26
2170,0.16754656777589264,3,0.53
2171,0.16754656777589264,4,0.14
2172,0.16789154097997067,1,0.07
2173,0.16789154097997067,2,0.26
2174,0.16789154097997067,3,0.51
2175,0.16789154097997067,4,0.16
2176,0.16793083739560885,1,0.06
2177,0.16793083739560885,2,0.25
2178,0.16793083739560885,3,0.52
2179,0.16793083739560885,4,0.17
2180,0.16851845299027815,1,0.05
2181,0.16851845299027815,2,0.26
2182,0.16851845299027815,3,0.53
2183,0.16851845299027815,4,0.16
2184,0.16877328621751886,1,0.04
2185,0.16877328621751886,2,0.26
2186,0.16877328621751886,3,0.54
2187,0.16877328621751886,4,0.16
2188,0.1689588631572198,1,0.04
2189,0.1689588631572198,2,0.27
2190,0.1689588631572198,3,0.52
2191,0.1689588631572198,4,0.17
2192,0.16898854879310182,1,0.03
2193,0.16898854879310182,2,0.27
2194,0.16898854879310182,3,0.53
2195,0.16898854879310182,4,0.17
2196,0.1691547802303271,1,0.04
2197,0.1691547802303271,2,0.27
2198,0.1691547802303271,3,0.54
2199,0.1691547802303271,4,0.15
2200,0.16999242361832018,1,0.04
2201,0.16999242361832018,2,0.27
2202,0.16999242361832018,3,0.54
2203,0.16999242361832018,4,0.15
2204,0.17030723669820713,1,0.04
2205,0.17030723669820713,2,0.27
2206,0.17030723669820713,3,0.52
2207,0.17030723669820713,4,0.17
2208,0.17076780963057156,1,0.03
2209,0.17076780963057156,2,0.26
2210,0.17076780963057156,3,0.53
2211,0.17076780963057156,4,0.18
2212,0.1716442506711793,1,0.02
2213,0.1716442506711793,2,0.25
2214,0.1716442506711793,3,0.54
2215,0.1716442506711793,4,0.19
2216,0.1717305551905754,1,0.02
2217,0.1717305551905754,2,0.24
2218,0.1717305551905754,3,0.54
2219,0.1717305551905754,4,0.2
2220,0.17190727505858472,1,0.02
2221,0.17190727505858472,2,0.23
2222,0.17190727505858472,3,0.54
2223,0.17190727505858472,4,0.21
2224,0.1721806074526299,1,0.02
2225,0.1721806074526299,2,0.23
2226,0.1721806074526299,3,0.56
2227,0.1721806074526299,4,0.19
2228,0.17247567619759333,1,0.04
2229,0.17247567619759333,2,0.21
2230,0.17247567619759333,3,0.56
2231,0.17247567619759333,4,0.19
2232,0.17266522818043198,1,0.03
2233,0.17266522818043198,2,0.21
2234,0.17266522818043198,3,0.57
2235,0.17266522818043198,4,0.19
2236,0.1737388706743403,1,0.04
2237,0.1737388706743403,2,0.2
2238,0.1737388706743403,3,0.56
2239,0.1737388706743403,4,0.2
2240,0.17408510329459398,1,0.02
2241,0.17408510329459398,2,0.2
2242,0.17408510329459398,3,0.56
2243,0.17408510329459398,4,0.22
2244,0.17430321381950697,1,0.02
2245,0.17430321381950697,2,0.2
2246,0.17430321381950697,3,0.58
2247,0.17430321381950697,4,0.2
2248,0.1748407054727186,1,0.01
2249,0.1748407054727186,2,0.19
2250,0.1748407054727186,3,0.59
2251,0.1748407054727186,4,0.21
2252,0.17531047359997312,1,0.0
2253,0.17531047359997312,2,0.2
2254,0.17531047359997312,3,0.58
2255,0.17531047359997312,4,0.22
2256,0.17539930262331782,1,0.0
2257,0.17539930262331782,2,0.2
2258,0.17539930262331782,3,0.58
2259,0.17539930262331782,4,0.22
2260,0.17558250393021987,1,0.0
2261,0.17558250393021987,2,0.2
2262,0.17558250393021987,3,0.56
2263,0.17558250393021987,4,0.24
2264,0.1762619421670985,1,0.0
2265,0.1762619421670985,2,0.2
2266,0.1762619421670985,3,0.56
2267,0.1762619421670985,4,0.24
2268,0.17639451829694058,1,0.01
2269,0.17639451829694058,2,0.2
2270,0.17639451829694058,3,0.57
2271,0.17639451829694058,4,0.22
2272,0.17651479820234128,1,0.0
2273,0.17651479820234128,2,0.2
2274,0.17651479820234128,3,0.58
2275,0.17651479820234128,4,0.22
2276,0.17661611737899083,1,0.0
2277,0.17661611737899083,2,0.2
2278,0.17661611737899083,3,0.58
2279,0.17661611737899083,4,0.22
2280,0.17723791443173212,1,0.0
2281,0.17723791443173212,2,0.21
2282,0.17723791443173212,3,0.56
2283,0.17723791443173212,4,0.23
2284,0.1780391585192282,1,0.02
2285,0.1780391585192282,2,0.2
2286,0.1780391585192282,3,0.56
2287,0.1780391585192282,4,0.22
2288,0.1782456983487792,1,0.02
2289,0.1782456983487792,2,0.19
2290,0.1782456983487792,3,0.56
2291,0.1782456983487792,4,0.23
2292,0.17842446560129857,1,0.02
2293,0.17842446560129857,2,0.19
2294,0.17842446560129857,3,0.56
2295,0.17842446560129857,4,0.23
2296,0.17845753199954822,1,0.02
2297,0.17845753199954822,2,0.19
2298,0.17845753199954822,3,0.56
2299,0.17845753199954822,4,0.23
2300,0.17857175976325756,1,0.03
2301,0.17857175976325756,2,0.19
2302,0.17857175976325756,3,0.55
2303,0.17857175976325756,4,0.23
2304,0.1788457734611896,1,0.04
2305,0.1788457734611896,2,0.2
2306,0.1788457734611896,3,0.54
2307,0.1788457734611896,4,0.22
2308,0.17906303750656885,1,0.04
2309,0.17906303750656885,2,0.2
2310,0.17906303750656885,3,0.54
2311,0.17906303750656885,4,0.22
2312,0.17922144199940487,1,0.04
2313,0.17922144199940487,2,0.2
2314,0.17922144199940487,3,0.54
2315,0.17922144199940487,4,0.22
2316,0.17938034462619712,1,0.04
2317,0.17938034462619712,2,0.19
2318,0.17938034462619712,3,0.54
2319,0.17938034462619712,4,0.23
2320,0.17951794922052158,1,0.04
2321,0.17951794922052158,2,0.19
2322,0.17951794922052158,3,0.56
2323,0.17951794922052158,4,0.21
2324,0.179777309734027,1,0.04
2325,0.179777309734027,2,0.19
2326,0.179777309734027,3,0.56
2327,0.179777309734027,4,0.21
2328,0.17999254055471742,1,0.05
2329,0.17999254055471742,2,0.19
2330,0.17999254055471742,3,0.57
2331,0.17999254055471742,4,0.19
2332,0.18014974084036517,1,0.05
2333,0.18014974084036517,2,0.2
2334,0.18014974084036517,3,0.55
2335,0.18014974084036517,4,0.2
2336,0.18037150794054307,1,0.05
2337,0.18037150794054307,2,0.2
2338,0.18037150794054307,3,0.55
2339,0.18037150794054307,4,0.2
2340,0.1805697541628726,1,0.05
2341,0.1805697541628726,2,0.2
2342,0.1805697541628726,3,0.53
2343,0.1805697541628726,4,0.22
2344,0.1807271419000589,1,0.05
2345,0.1807271419000589,2,0.2
2346,0.1807271419000589,3,0.55
2347,0.1807271419000589,4,0.2
2348,0.1810365883661842,1,0.05
2349,0.1810365883661842,2,0.2
2350,0.1810365883661842,3,0.55
2351,0.1810365883661842,4,0.2
2352,0.1812513809707467,1,0.05
2353,0.1812513809707467,2,0.19
2354,0.1812513809707467,3,0.57
2355,0.1812513809707467,4,0.19
2356,0.18153717789489326,1,0.05
2357,0.18153717789489326,2,0.18
2358,0.18153717789489326,3,0.57
2359,0.18153717789489326,4,0.2
2360,0.1820423193289668,1,0.05
2361,0.1820423193289668,2,0.18
2362,0.1820423193289668,3,0.55
2363,0.1820423193289668,4,0.22
2364,0.18215048941203169,1,0.04
2365,0.18215048941203169,2,0.18
2366,0.18215048941203169,3,0.56
2367,0.18215048941203169,4,0.22
2368,0.18239344469285607,1,0.04
2369,0.18239344469285607,2,0.18
2370,0.18239344469285607,3,0.56
2371,0.18239344469285607,4,0.22
2372,0.18260770480524952,1,0.04
2373,0.18260770480524952,2,0.18
2374,0.18260770480524952,3,0.58
2375,0.18260770480524952,4,0.2
2376,0.18287592216915585,1,0.04
2377,0.18287592216915585,2,0.18
2378,0.18287592216915585,3,0.58
2379,0.18287592216915585,4,0.2
2380,0.1831296727287369,1,0.05
2381,0.1831296727287369,2,0.18
2382,0.1831296727287369,3,0.57
2383,0.1831296727287369,4,0.2
2384,0.18322700583097234,1,0.05
2385,0.18322700583097234,2,0.17
2386,0.18322700583097234,3,0.57
2387,0.18322700583097234,4,0.21
2388,0.18329536066264182,1,0.05
2389,0.18329536066264182,2,0.17
2390,0.18329536066264182,3,0.57
2391,0.18329536066264182,4,0.21
2392,0.1834135410130602,1,0.04
2393,0.1834135410130602,2,0.17
2394,0.1834135410130602,3,0.56
2395,0.1834135410130602,4,0.23
2396,0.18370137223834893,1,0.05
2397,0.18370137223834893,2,0.17
2398,0.18370137223834893,3,0.55
2399,0.18370137223834893,4,0.23
2400,0.1844483373489707,1,0.05
2401,0.1844483373489707,2,0.17
2402,0.1844483373489707,3,0.55
2403,0.1844483373489707,4,0.23
2404,0.18471539125749484,1,0.06
2405,0.18471539125749484,2,0.17
2406,0.18471539125749484,3,0.56
2407,0.18471539125749484,4,0.21
2408,0.18504296862732664,1,0.05
2409,0.18504296862732664,2,0.18
2410,0.18504296862732664,3,0.57
2411,0.18504296862732664,4,0.2
2412,0.185207574410185,1,0.05
2413,0.185207574410185,2,0.19
2414,0.185207574410185,3,0.57
2415,0.185207574410185,4,0.19
2416,0.1852783512243023,1,0.06
2417,0.1852783512243023,2,0.19
2418,0.1852783512243023,3,0.58
2419,0.1852783512243023,4,0.17
2420,0.18546505918416775,1,0.06
2421,0.18546505918416775,2,0.2
2422,0.18546505918416775,3,0.56
2423,0.18546505918416775,4,0.18
2424,0.1857547187308448,1,0.07
2425,0.1857547187308448,2,0.2
2426,0.1857547187308448,3,0.57
2427,0.1857547187308448,4,0.16
2428,0.18582049565094497,1,0.06
2429,0.18582049565094497,2,0.2
2430,0.18582049565094497,3,0.58
2431,0.18582049565094497,4,0.16
2432,0.18626530849300044,1,0.06
2433,0.18626530849300044,2,0.2
2434,0.18626530849300044,3,0.56
2435,0.18626530849300044,4,0.18
2436,0.18631116265027792,1,0.05
2437,0.18631116265027792,2,0.2
2438,0.18631116265027792,3,0.57
2439,0.18631116265027792,4,0.18
2440,0.1864485964991847,1,0.05
2441,0.1864485964991847,2,0.2
2442,0.1864485964991847,3,0.57
2443,0.1864485964991847,4,0.18
2444,0.1868674922092496,1,0.06
2445,0.1868674922092496,2,0.2
2446,0.1868674922092496,3,0.58
2447,0.1868674922092496,4,0.16
2448,0.1870458207047767,1,0.07
2449,0.1870458207047767,2,0.21
2450,0.1870458207047767,3,0.57
2451,0.1870458207047767,4,0.15
2452,0.18721420357181223,1,0.07
2453,0.18721420357181223,2,0.21
2454,0.18721420357181223,3,0.59
2455,0.18721420357181223,4,0.13
2456,0.1875929415091129,1,0.07
2457,0.1875929415091129,2,0.21
2458,0.1875929415091129,3,0.59
2459,0.1875929415091129,4,0.13
2460,0.18809335006997982,1,0.06
2461,0.18809335006997982,2,0.22
2462,0.18809335006997982,3,0.58
2463,0.18809335006997982,4,0.14
2464,0.18830097449102517,1,0.06
2465,0.18830097449102517,2,0.22
2466,0.18830097449102517,3,0.58
2467,0.18830097449102517,4,0.14
2468,0.18846160077123533,1,0.07
2469,0.18846160077123533,2,0.22
2470,0.18846160077123533,3,0.57
2471,0.18846160077123533,4,0.14
2472,0.18908853000309586,1,0.07
2473,0.18908853000309586,2,0.23
2474,0.18908853000309586,3,0.55
2475,0.18908853000309586,4,0.15
2476,0.18915458115548536,1,0.07
2477,0.18915458115548536,2,0.23
2478,0.18915458115548536,3,0.57
2479,0.18915458115548536,4,0.13
2480,0.18946107022398542,1,0.06
2481,0.18946107022398542,2,0.23
2482,0.18946107022398542,3,0.58
2483,0.18946107022398542,4,0.13
2484,0.18950318072386843,1,0.06
2485,0.18950318072386843,2,0.22
2486,0.18950318072386843,3,0.58
2487,0.18950318072386843,4,0.14
2488,0.19009473293870896,1,0.06
2489,0.19009473293870896,2,0.22
2490,0.19009473293870896,3,0.58
2491,0.19009473293870896,4,0.14
2492,0.19029362906671465,1,0.08
2493,0.19029362906671465,2,0.22
2494,0.19029362906671465,3,0.58
2495,0.19029362906671465,4,0.12
2496,0.19036084237837375,1,0.07
2497,0.19036084237837375,2,0.22
2498,0.19036084237837375,3,0.59
2499,0.19036084237837375,4,0.12
2500,0.19104577107403506,1,0.07
2501,0.19104577107403506,2,0.22
2502,0.19104577107403506,3,0.57
2503,0.19104577107403506,4,0.14
2504,0.19125654986176194,1,0.08
2505,0.19125654986176194,2,0.21
2506,0.19125654986176194,3,0.58
2507,0.19125654986176194,4,0.13
2508,0.19168184103967836,1,0.08
2509,0.19168184103967836,2,0.2
2510,0.19168184103967836,3,0.6
2511,0.19168184103967836,4,0.12
2512,0.19181881447405916,1,0.07
2513,0.19181881447405916,2,0.2
2514,0.19181881447405916,3,0.61
2515,0.19181881447405916,4,0.12
2516,0.19223036433790008,1,0.07
2517,0.19223036433790008,2,0.2
2518,0.19223036433790008,3,0.63
2519,0.19223036433790008,4,0.1
2520,0.19281794127253152,1,0.06
2521,0.19281794127253152,2,0.19
2522,0.19281794127253152,3,0.64
2523,0.19281794127253152,4,0.11
2524,0.192972082799175,1,0.06
2525,0.192972082799175,2,0.19
2526,0.192972082799175,3,0.62
2527,0.192972082799175,4,0.13
2528,0.19355011157575483,1,0.06
2529,0.19355011157575483,2,0.18
2530,0.19355011157575483,3,0.62
2531,0.19355011157575483,4,0.14
2532,0.19383990590804978,1,0.06
2533,0.19383990590804978,2,0.18
2534,0.19383990590804978,3,0.62
2535,0.19383990590804978,4,0.14
2536,0.19427582847181768,1,0.04
2537,0.19427582847181768,2,0.18
2538,0.19427582847181768,3,0.62
2539,0.19427582847181768,4,0.16
2540,0.19491463870308212,1,0.05
2541,0.19491463870308212,2,0.18
2542,0.19491463870308212,3,0.61
2543,0.19491463870308212,4,0.16
2544,0.19509014234768882,1,0.05
2545,0.19509014234768882,2,0.18
2546,0.19509014234768882,3,0.61
2547,0.19509014234768882,4,0.16
2548,0.19544751290333157,1,0.05
2549,0.19544751290333157,2,0.19
2550,0.19544751290333157,3,0.61
2551,0.19544751290333157,4,0.15
2552,0.19556451974321348,1,0.05
2553,0.19556451974321348,2,0.18
2554,0.19556451974321348,3,0.63
2555,0.19556451974321348,4,0.14
2556,0.1956839295669277,1,0.05
2557,0.1956839295669277,2,0.18
2558,0.1956839295669277,3,0.63
2559,0.1956839295669277,4,0.14
2560,0.19596026639888214,1,0.04
2561,0.19596026639888214,2,0.18
2562,0.19596026639888214,3,0.64
2563,0.19596026639888214,4,0.14
2564,0.19657273887174226,1,0.04
2565,0.19657273887174226,2,0.19
2566,0.19657273887174226,3,0.62
2567,0.19657273887174226,4,0.15
2568,0.19717798969355055,1,0.05
2569,0.19717798969355055,2,0.18
2570,0.19717798969355055,3,0.63
2571,0.19717798969355055,4,0.14
2572,0.19738424246105649,1,0.06
2573,0.19738424246105649,2,0.19
2574,0.19738424246105649,3,0.62
2575,0.19738424246105649,4,0.13
2576,0.19753582386976068,1,0.07
2577,0.19753582386976068,2,0.18
2578,0.19753582386976068,3,0.63
2579,0.19753582386976068,4,0.12
2580,0.19780345001593563,1,0.07
2581,0.19780345001593563,2,0.2
2582,0.19780345001593563,3,0.61
2583,0.19780345001593563,4,0.12
2584,0.19863558157144076,1,0.07
2585,0.19863558157144076,2,0.19
2586,0.19863558157144076,3,0.61
2587,0.19863558157144076,4,0.13
2588,0.1987194888246593,1,0.07
2589,0.1987194888246593,2,0.19
2590,0.1987194888246593,3,0.63
2591,0.1987194888246593,4,0.11
2592,0.19926850447313513,1,0.08
2593,0.19926850447313513,2,0.19
2594,0.19926850447313513,3,0.62
2595,0.19926850447313513,4,0.11
2596,0.1995742232367749,1,0.07
2597,0.1995742232367749,2,0.19
2598,0.1995742232367749,3,0.61
2599,0.1995742232367749,4,0.13
2600,0.19961700068866325,1,0.07
2601,0.19961700068866325,2,0.19
2602,0.19961700068866325,3,0.63
2603,0.19961700068866325,4,0.11
2604,0.20017145373553702,1,0.06
2605,0.20017145373553702,2,0.19
2606,0.20017145373553702,3,0.62
2607,0.20017145373553702,4,0.13
